flight_id,airline_name,departure_city,arrival_city,flight_status,passenger_count,flight_duration_hours,ticket_price_usd,delay_minutes,fuel_consumed_tons,scheduled_departure_date,actual_arrival_date
FL-0001,AirAsia,Manila,Singapore,On Time,124,2.52,183.13,0,13.91,2026-01-01 00:00:00,2026-01-01 02:00:00
FL-0002,PAL Express,Manila,Singapore,On Time,147,7.92,289.87,0,21.72,2026-01-01 04:00:00,2026-01-01 06:00:00
FL-0003,Philippine Airlines,Manila,Singapore,On Time,86,7.85,408.6,15,10.3,2026-01-01 08:00:00,2026-01-01 10:00:00
FL-0004,AirAsia,Clark,Seoul,On Time,128,6.66,584.91,30,13.97,2026-01-01 12:00:00,2026-01-01 14:00:00
FL-0005,AirAsia,Iloilo,Tokyo,On Time,216,5.79,463.82,0,15.75,2026-01-01 16:00:00,2026-01-01 18:00:00
FL-0006,PAL Express,Clark,Bangkok,On Time,162,5.26,561.3,30,18.27,2026-01-01 20:00:00,2026-01-01 22:00:00
FL-0007,Philippine Airlines,Iloilo,Hong Kong,On Time,208,7.13,481.11,0,20.68,2026-01-02 00:00:00,2026-01-02 02:00:00
FL-0008,Philippine Airlines,Clark,Bangkok,On Time,217,3.38,395.86,0,12.9,2026-01-02 04:00:00,2026-01-02 06:00:00
FL-0009,AirAsia,Clark,Bangkok,Delayed,152,4.54,196.01,0,17.92,2026-01-02 08:00:00,2026-01-02 10:00:00
FL-0010,Cebu Pacific,Davao,Tokyo,On Time,125,5.53,433.34,0,8.01,2026-01-02 12:00:00,2026-01-02 14:00:00
FL-0011,AirAsia,Clark,Tokyo,On Time,185,4.17,411.69,15,23.65,2026-01-02 16:00:00,2026-01-02 18:00:00
FL-0012,AirAsia,Cebu,Tokyo,On Time,111,4.28,401.23,15,12.66,2026-01-02 20:00:00,2026-01-02 22:00:00
FL-0013,AirAsia,Davao,Singapore,On Time,85,3.65,344.89,0,19.59,2026-01-03 00:00:00,2026-01-03 02:00:00
FL-0014,AirAsia,Clark,Seoul,Delayed,153,5.17,364.33,0,5.41,2026-01-03 04:00:00,2026-01-03 06:00:00
FL-0015,PAL Express,Manila,Singapore,On Time,193,7.03,267.22,30,9.1,2026-01-03 08:00:00,2026-01-03 10:00:00
FL-0016,Philippine Airlines,Cebu,Seoul,On Time,106,2.81,359.66,45,14.74,2026-01-03 12:00:00,2026-01-03 14:00:00
FL-0017,PAL Express,Cebu,Seoul,On Time,133,7.57,198.78,0,22.57,2026-01-03 16:00:00,2026-01-03 18:00:00
FL-0018,PAL Express,Cebu,Bangkok,On Time,164,5.98,502.59,60,15.55,2026-01-03 20:00:00,2026-01-03 22:00:00
FL-0019,PAL Express,Davao,Bangkok,On Time,206,6.85,192.89,0,23.6,2026-01-04 00:00:00,2026-01-04 02:00:00
FL-0020,AirAsia,Clark,Seoul,On Time,190,5.12,142.48,0,14.68,2026-01-04 04:00:00,2026-01-04 06:00:00
FL-0021,Cebu Pacific,Clark,Seoul,Delayed,94,6.57,318.12,30,14.81,2026-01-04 08:00:00,2026-01-04 10:00:00
FL-0022,Philippine Airlines,Manila,Singapore,On Time,211,1.61,429.15,0,7.39,2026-01-04 12:00:00,2026-01-04 14:00:00
FL-0023,Cebu Pacific,Manila,Singapore,On Time,172,6.82,318.86,0,21.05,2026-01-04 16:00:00,2026-01-04 18:00:00
FL-0024,PAL Express,Cebu,Bangkok,On Time,202,1.76,238.38,0,9.94,2026-01-04 20:00:00,2026-01-04 22:00:00
FL-0025,PAL Express,Manila,Tokyo,On Time,152,7.28,379.09,30,22.99,2026-01-05 00:00:00,2026-01-05 02:00:00
FL-0026,Cebu Pacific,Davao,Seoul,On Time,171,7.95,273.5,30,23.22,2026-01-05 04:00:00,2026-01-05 06:00:00
FL-0027,Cebu Pacific,Clark,Singapore,Delayed,96,3.41,566.43,0,23.87,2026-01-05 08:00:00,2026-01-05 10:00:00
FL-0028,Cebu Pacific,Cebu,Bangkok,Delayed,122,2.87,561.32,0,15.4,2026-01-05 12:00:00,2026-01-05 14:00:00
FL-0029,PAL Express,Manila,Singapore,On Time,200,6.47,351.19,0,18.54,2026-01-05 16:00:00,2026-01-05 18:00:00
FL-0030,PAL Express,Davao,Seoul,Delayed,120,3.14,263.94,0,20.57,2026-01-05 20:00:00,2026-01-05 22:00:00
FL-0031,Philippine Airlines,Davao,Seoul,Cancelled,118,7.13,468.57,0,7.62,2026-01-06 00:00:00,2026-01-06 02:00:00
FL-0032,Philippine Airlines,Manila,Hong Kong,Delayed,192,2.17,118.36,15,17.02,2026-01-06 04:00:00,2026-01-06 06:00:00
FL-0033,PAL Express,Clark,Tokyo,On Time,190,2.32,337.38,0,5.69,2026-01-06 08:00:00,2026-01-06 10:00:00
FL-0034,Cebu Pacific,Manila,Hong Kong,Delayed,126,7.86,268.16,0,14.95,2026-01-06 12:00:00,2026-01-06 14:00:00
FL-0035,Cebu Pacific,Cebu,Bangkok,On Time,142,5.88,560.27,0,8.1,2026-01-06 16:00:00,2026-01-06 18:00:00
FL-0036,Philippine Airlines,Manila,Singapore,Cancelled,189,7.0,106.0,0,8.66,2026-01-06 20:00:00,2026-01-06 22:00:00
FL-0037,PAL Express,Davao,Bangkok,On Time,148,3.61,376.41,60,12.3,2026-01-07 00:00:00,2026-01-07 02:00:00
FL-0038,Philippine Airlines,Manila,Seoul,On Time,122,5.9,470.33,0,13.65,2026-01-07 04:00:00,2026-01-07 06:00:00
FL-0039,Philippine Airlines,Clark,Hong Kong,Delayed,113,5.36,342.51,0,17.46,2026-01-07 08:00:00,2026-01-07 10:00:00
FL-0040,AirAsia,Iloilo,Hong Kong,On Time,119,5.42,142.7,0,6.49,2026-01-07 12:00:00,2026-01-07 14:00:00
FL-0041,AirAsia,Manila,Hong Kong,Cancelled,140,5.94,586.23,0,15.07,2026-01-07 16:00:00,2026-01-07 18:00:00
FL-0042,AirAsia,Clark,Bangkok,Cancelled,141,5.24,359.01,0,8.65,2026-01-07 20:00:00,2026-01-07 22:00:00
FL-0043,Cebu Pacific,Clark,Seoul,On Time,137,4.29,407.09,0,16.48,2026-01-08 00:00:00,2026-01-08 02:00:00
FL-0044,PAL Express,Davao,Singapore,On Time,154,3.29,218.3,0,17.75,2026-01-08 04:00:00,2026-01-08 06:00:00
FL-0045,PAL Express,Clark,Singapore,On Time,95,6.5,341.75,0,16.13,2026-01-08 08:00:00,2026-01-08 10:00:00
FL-0046,PAL Express,Clark,Bangkok,On Time,161,2.97,314.57,0,19.77,2026-01-08 12:00:00,2026-01-08 14:00:00
FL-0047,PAL Express,Clark,Hong Kong,On Time,173,6.0,137.45,0,11.71,2026-01-08 16:00:00,2026-01-08 18:00:00
FL-0048,AirAsia,Clark,Tokyo,Delayed,127,3.02,153.08,60,20.3,2026-01-08 20:00:00,2026-01-08 22:00:00
FL-0049,Cebu Pacific,Cebu,Bangkok,On Time,217,5.56,518.74,0,13.66,2026-01-09 00:00:00,2026-01-09 02:00:00
FL-0050,Cebu Pacific,Cebu,Bangkok,On Time,161,6.36,219.91,0,14.68,2026-01-09 04:00:00,2026-01-09 06:00:00
FL-0051,AirAsia,Davao,Seoul,Cancelled,117,2.92,197.48,0,17.96,2026-01-09 08:00:00,2026-01-09 10:00:00
FL-0052,Cebu Pacific,Manila,Singapore,On Time,206,1.89,352.46,0,5.37,2026-01-09 12:00:00,2026-01-09 14:00:00
FL-0053,AirAsia,Clark,Bangkok,On Time,98,2.35,484.37,15,18.08,2026-01-09 16:00:00,2026-01-09 18:00:00
FL-0054,PAL Express,Manila,Bangkok,Cancelled,142,5.44,130.97,0,17.37,2026-01-09 20:00:00,2026-01-09 22:00:00
FL-0055,AirAsia,Manila,Hong Kong,On Time,156,7.02,388.4,15,11.2,2026-01-10 00:00:00,2026-01-10 02:00:00
FL-0056,PAL Express,Davao,Hong Kong,Delayed,210,1.79,159.61,0,6.72,2026-01-10 04:00:00,2026-01-10 06:00:00
FL-0057,PAL Express,Clark,Tokyo,Cancelled,181,6.27,118.23,0,6.82,2026-01-10 08:00:00,2026-01-10 10:00:00
FL-0058,Philippine Airlines,Clark,Seoul,Cancelled,144,3.72,126.37,15,23.46,2026-01-10 12:00:00,2026-01-10 14:00:00
FL-0059,AirAsia,Iloilo,Tokyo,On Time,199,4.61,517.08,0,18.79,2026-01-10 16:00:00,2026-01-10 18:00:00
FL-0060,Philippine Airlines,Manila,Hong Kong,On Time,170,7.54,158.99,0,7.54,2026-01-10 20:00:00,2026-01-10 22:00:00
FL-0061,AirAsia,Manila,Singapore,On Time,87,3.66,122.58,0,12.13,2026-01-11 00:00:00,2026-01-11 02:00:00
FL-0062,AirAsia,Cebu,Hong Kong,Delayed,152,4.52,318.95,15,16.85,2026-01-11 04:00:00,2026-01-11 06:00:00
FL-0063,Philippine Airlines,Iloilo,Seoul,Delayed,213,1.59,522.0,0,21.71,2026-01-11 08:00:00,2026-01-11 10:00:00
FL-0064,Philippine Airlines,Cebu,Hong Kong,On Time,186,2.03,231.2,30,5.87,2026-01-11 12:00:00,2026-01-11 14:00:00
FL-0065,AirAsia,Cebu,Seoul,On Time,168,3.18,310.86,0,9.73,2026-01-11 16:00:00,2026-01-11 18:00:00
FL-0066,Cebu Pacific,Cebu,Seoul,On Time,118,1.68,119.96,30,22.79,2026-01-11 20:00:00,2026-01-11 22:00:00
FL-0067,PAL Express,Davao,Seoul,On Time,192,5.6,324.54,0,5.18,2026-01-12 00:00:00,2026-01-12 02:00:00
FL-0068,Philippine Airlines,Davao,Seoul,Delayed,107,4.27,388.81,15,9.03,2026-01-12 04:00:00,2026-01-12 06:00:00
FL-0069,PAL Express,Cebu,Seoul,On Time,176,5.06,385.45,0,24.18,2026-01-12 08:00:00,2026-01-12 10:00:00
FL-0070,Cebu Pacific,Iloilo,Singapore,Cancelled,116,2.64,266.21,45,17.27,2026-01-12 12:00:00,2026-01-12 14:00:00
FL-0071,Cebu Pacific,Manila,Tokyo,Delayed,216,3.42,257.77,0,10.23,2026-01-12 16:00:00,2026-01-12 18:00:00
FL-0072,Cebu Pacific,Iloilo,Bangkok,On Time,161,5.81,153.31,0,6.34,2026-01-12 20:00:00,2026-01-12 22:00:00
FL-0073,Philippine Airlines,Clark,Tokyo,On Time,135,7.77,283.4,0,5.56,2026-01-13 00:00:00,2026-01-13 02:00:00
FL-0074,Cebu Pacific,Davao,Seoul,On Time,164,1.83,149.75,0,9.89,2026-01-13 04:00:00,2026-01-13 06:00:00
FL-0075,Philippine Airlines,Manila,Singapore,On Time,81,7.29,483.3,0,22.63,2026-01-13 08:00:00,2026-01-13 10:00:00
FL-0076,Cebu Pacific,Manila,Hong Kong,Delayed,137,5.25,583.14,60,13.32,2026-01-13 12:00:00,2026-01-13 14:00:00
FL-0077,PAL Express,Clark,Singapore,Delayed,186,5.17,585.04,60,19.41,2026-01-13 16:00:00,2026-01-13 18:00:00
FL-0078,PAL Express,Clark,Seoul,Delayed,202,4.75,532.54,0,23.37,2026-01-13 20:00:00,2026-01-13 22:00:00
FL-0079,AirAsia,Cebu,Singapore,On Time,193,1.95,400.4,45,13.16,2026-01-14 00:00:00,2026-01-14 02:00:00
FL-0080,PAL Express,Davao,Singapore,On Time,186,2.08,450.43,0,8.83,2026-01-14 04:00:00,2026-01-14 06:00:00
FL-0081,AirAsia,Davao,Seoul,Delayed,116,5.41,242.6,0,15.34,2026-01-14 08:00:00,2026-01-14 10:00:00
FL-0082,PAL Express,Iloilo,Singapore,On Time,158,3.72,415.39,15,23.16,2026-01-14 12:00:00,2026-01-14 14:00:00
FL-0083,Philippine Airlines,Cebu,Bangkok,On Time,171,7.46,327.82,0,21.09,2026-01-14 16:00:00,2026-01-14 18:00:00
FL-0084,PAL Express,Cebu,Bangkok,On Time,97,4.14,341.01,120,6.32,2026-01-14 20:00:00,2026-01-14 22:00:00
FL-0085,AirAsia,Cebu,Singapore,On Time,177,2.43,478.89,0,18.85,2026-01-15 00:00:00,2026-01-15 02:00:00
FL-0086,AirAsia,Cebu,Hong Kong,On Time,142,6.15,240.96,0,16.44,2026-01-15 04:00:00,2026-01-15 06:00:00
FL-0087,Cebu Pacific,Davao,Seoul,On Time,218,3.41,259.02,0,23.15,2026-01-15 08:00:00,2026-01-15 10:00:00
FL-0088,Philippine Airlines,Davao,Bangkok,Cancelled,83,4.92,562.32,0,7.45,2026-01-15 12:00:00,2026-01-15 14:00:00
FL-0089,PAL Express,Cebu,Hong Kong,On Time,214,6.04,128.11,0,15.68,2026-01-15 16:00:00,2026-01-15 18:00:00
FL-0090,Cebu Pacific,Iloilo,Singapore,On Time,140,7.35,342.82,120,22.59,2026-01-15 20:00:00,2026-01-15 22:00:00
FL-0091,PAL Express,Manila,Hong Kong,On Time,186,6.65,556.4,30,13.2,2026-01-16 00:00:00,2026-01-16 02:00:00
FL-0092,PAL Express,Manila,Tokyo,Delayed,133,5.9,405.18,15,14.64,2026-01-16 04:00:00,2026-01-16 06:00:00
FL-0093,Cebu Pacific,Iloilo,Bangkok,On Time,167,5.92,373.2,0,6.41,2026-01-16 08:00:00,2026-01-16 10:00:00
FL-0094,Cebu Pacific,Cebu,Singapore,On Time,147,7.65,224.87,0,10.56,2026-01-16 12:00:00,2026-01-16 14:00:00
FL-0095,Cebu Pacific,Davao,Seoul,On Time,208,3.42,271.64,0,11.49,2026-01-16 16:00:00,2026-01-16 18:00:00
FL-0096,Cebu Pacific,Manila,Singapore,Delayed,134,1.51,526.02,0,23.9,2026-01-16 20:00:00,2026-01-16 22:00:00
FL-0097,Cebu Pacific,Clark,Seoul,On Time,82,3.27,379.61,0,10.65,2026-01-17 00:00:00,2026-01-17 02:00:00
FL-0098,PAL Express,Clark,Singapore,Delayed,200,2.92,357.37,15,14.22,2026-01-17 04:00:00,2026-01-17 06:00:00
FL-0099,Cebu Pacific,Iloilo,Hong Kong,Cancelled,208,5.8,149.79,0,18.43,2026-01-17 08:00:00,2026-01-17 10:00:00
FL-0100,Philippine Airlines,Cebu,Hong Kong,On Time,181,5.62,108.01,0,8.24,2026-01-17 12:00:00,2026-01-17 14:00:00
FL-0101,AirAsia,Manila,Hong Kong,Delayed,117,5.36,581.84,0,14.73,2026-01-17 16:00:00,2026-01-17 18:00:00
FL-0102,Cebu Pacific,Cebu,Tokyo,On Time,164,1.61,288.49,0,19.77,2026-01-17 20:00:00,2026-01-17 22:00:00
FL-0103,Cebu Pacific,Manila,Seoul,Delayed,212,6.24,401.61,0,22.34,2026-01-18 00:00:00,2026-01-18 02:00:00
FL-0104,PAL Express,Iloilo,Hong Kong,On Time,171,3.6,139.86,45,17.53,2026-01-18 04:00:00,2026-01-18 06:00:00
FL-0105,Cebu Pacific,Iloilo,Tokyo,Delayed,100,5.82,441.56,0,18.38,2026-01-18 08:00:00,2026-01-18 10:00:00
FL-0106,Cebu Pacific,Clark,Seoul,On Time,188,5.12,566.28,30,7.53,2026-01-18 12:00:00,2026-01-18 14:00:00
FL-0107,Cebu Pacific,Cebu,Singapore,On Time,126,3.73,387.83,0,23.92,2026-01-18 16:00:00,2026-01-18 18:00:00
FL-0108,PAL Express,Clark,Tokyo,On Time,163,2.37,163.06,0,7.65,2026-01-18 20:00:00,2026-01-18 22:00:00
FL-0109,Cebu Pacific,Cebu,Bangkok,On Time,162,2.11,390.86,0,20.49,2026-01-19 00:00:00,2026-01-19 02:00:00
FL-0110,AirAsia,Clark,Tokyo,On Time,114,6.9,483.17,30,10.3,2026-01-19 04:00:00,2026-01-19 06:00:00
FL-0111,PAL Express,Davao,Tokyo,On Time,148,7.47,303.21,15,23.67,2026-01-19 08:00:00,2026-01-19 10:00:00
FL-0112,AirAsia,Davao,Seoul,On Time,208,5.72,539.92,0,19.4,2026-01-19 12:00:00,2026-01-19 14:00:00
FL-0113,PAL Express,Davao,Singapore,On Time,219,2.17,424.34,0,20.08,2026-01-19 16:00:00,2026-01-19 18:00:00
FL-0114,Cebu Pacific,Davao,Bangkok,Delayed,106,4.11,549.62,0,9.38,2026-01-19 20:00:00,2026-01-19 22:00:00
FL-0115,AirAsia,Manila,Hong Kong,On Time,135,6.24,411.75,0,13.86,2026-01-20 00:00:00,2026-01-20 02:00:00
FL-0116,PAL Express,Davao,Hong Kong,On Time,102,6.57,165.64,60,17.36,2026-01-20 04:00:00,2026-01-20 06:00:00
FL-0117,Philippine Airlines,Iloilo,Tokyo,On Time,100,2.27,254.85,0,20.4,2026-01-20 08:00:00,2026-01-20 10:00:00
FL-0118,Cebu Pacific,Iloilo,Seoul,On Time,140,1.5,200.9,0,7.08,2026-01-20 12:00:00,2026-01-20 14:00:00
FL-0119,PAL Express,Manila,Seoul,Cancelled,142,6.13,554.41,0,24.25,2026-01-20 16:00:00,2026-01-20 18:00:00
FL-0120,Philippine Airlines,Davao,Hong Kong,On Time,201,3.82,480.2,0,22.8,2026-01-20 20:00:00,2026-01-20 22:00:00
FL-0121,PAL Express,Davao,Bangkok,Delayed,131,3.15,438.2,0,10.41,2026-01-21 00:00:00,2026-01-21 02:00:00
FL-0122,Philippine Airlines,Davao,Singapore,Cancelled,167,1.58,250.48,0,21.46,2026-01-21 04:00:00,2026-01-21 06:00:00
FL-0123,Cebu Pacific,Clark,Bangkok,Delayed,134,5.01,192.02,15,15.37,2026-01-21 08:00:00,2026-01-21 10:00:00
FL-0124,AirAsia,Cebu,Singapore,On Time,125,7.03,478.23,15,14.24,2026-01-21 12:00:00,2026-01-21 14:00:00
FL-0125,Philippine Airlines,Clark,Hong Kong,Delayed,111,7.72,337.08,0,11.29,2026-01-21 16:00:00,2026-01-21 18:00:00
FL-0126,PAL Express,Cebu,Singapore,Cancelled,134,5.18,212.89,30,16.62,2026-01-21 20:00:00,2026-01-21 22:00:00
FL-0127,Cebu Pacific,Davao,Seoul,On Time,175,4.84,408.31,0,19.6,2026-01-22 00:00:00,2026-01-22 02:00:00
FL-0128,Philippine Airlines,Davao,Tokyo,On Time,212,2.05,120.17,0,13.22,2026-01-22 04:00:00,2026-01-22 06:00:00
FL-0129,PAL Express,Clark,Tokyo,On Time,115,5.07,263.09,0,17.58,2026-01-22 08:00:00,2026-01-22 10:00:00
FL-0130,PAL Express,Clark,Hong Kong,On Time,189,3.97,334.28,0,18.99,2026-01-22 12:00:00,2026-01-22 14:00:00
FL-0131,PAL Express,Cebu,Seoul,On Time,185,5.45,173.98,0,19.22,2026-01-22 16:00:00,2026-01-22 18:00:00
FL-0132,Philippine Airlines,Iloilo,Bangkok,On Time,137,4.03,592.33,0,6.04,2026-01-22 20:00:00,2026-01-22 22:00:00
FL-0133,Philippine Airlines,Cebu,Seoul,On Time,118,3.06,204.55,0,22.19,2026-01-23 00:00:00,2026-01-23 02:00:00
FL-0134,Philippine Airlines,Clark,Tokyo,On Time,159,2.12,165.18,120,14.17,2026-01-23 04:00:00,2026-01-23 06:00:00
FL-0135,AirAsia,Clark,Tokyo,On Time,176,3.55,201.77,0,10.25,2026-01-23 08:00:00,2026-01-23 10:00:00
FL-0136,Philippine Airlines,Manila,Seoul,On Time,192,2.13,484.53,0,9.84,2026-01-23 12:00:00,2026-01-23 14:00:00
FL-0137,Philippine Airlines,Clark,Seoul,On Time,140,2.65,312.75,0,14.66,2026-01-23 16:00:00,2026-01-23 18:00:00
FL-0138,Philippine Airlines,Manila,Tokyo,On Time,216,7.92,382.71,0,22.74,2026-01-23 20:00:00,2026-01-23 22:00:00
FL-0139,AirAsia,Iloilo,Bangkok,On Time,85,4.39,110.5,0,12.57,2026-01-24 00:00:00,2026-01-24 02:00:00
FL-0140,Philippine Airlines,Cebu,Hong Kong,Delayed,188,4.96,117.22,30,19.99,2026-01-24 04:00:00,2026-01-24 06:00:00
FL-0141,PAL Express,Cebu,Hong Kong,On Time,114,7.18,322.91,0,6.94,2026-01-24 08:00:00,2026-01-24 10:00:00
FL-0142,Philippine Airlines,Manila,Seoul,On Time,118,7.97,508.33,0,14.52,2026-01-24 12:00:00,2026-01-24 14:00:00
FL-0143,PAL Express,Cebu,Hong Kong,Delayed,197,5.29,542.62,0,24.83,2026-01-24 16:00:00,2026-01-24 18:00:00
FL-0144,PAL Express,Clark,Tokyo,On Time,84,6.78,143.35,0,20.41,2026-01-24 20:00:00,2026-01-24 22:00:00
FL-0145,PAL Express,Davao,Tokyo,On Time,166,3.63,369.18,0,9.21,2026-01-25 00:00:00,2026-01-25 02:00:00
FL-0146,AirAsia,Manila,Seoul,Delayed,155,3.49,556.61,0,15.03,2026-01-25 04:00:00,2026-01-25 06:00:00
FL-0147,AirAsia,Cebu,Seoul,Delayed,136,4.12,293.99,0,9.67,2026-01-25 08:00:00,2026-01-25 10:00:00
FL-0148,AirAsia,Manila,Seoul,On Time,206,5.87,514.78,0,13.19,2026-01-25 12:00:00,2026-01-25 14:00:00
FL-0149,Philippine Airlines,Manila,Bangkok,On Time,108,5.93,166.85,0,20.6,2026-01-25 16:00:00,2026-01-25 18:00:00
FL-0150,PAL Express,Davao,Hong Kong,Cancelled,166,3.55,567.7,60,20.42,2026-01-25 20:00:00,2026-01-25 22:00:00
FL-0151,AirAsia,Clark,Seoul,On Time,125,2.37,475.71,0,9.56,2026-01-26 00:00:00,2026-01-26 02:00:00
FL-0152,AirAsia,Manila,Singapore,On Time,195,5.61,570.67,30,23.44,2026-01-26 04:00:00,2026-01-26 06:00:00
FL-0153,Philippine Airlines,Cebu,Singapore,Delayed,191,2.33,438.31,15,16.85,2026-01-26 08:00:00,2026-01-26 10:00:00
FL-0154,AirAsia,Iloilo,Tokyo,On Time,124,5.26,281.7,0,12.6,2026-01-26 12:00:00,2026-01-26 14:00:00
FL-0155,Philippine Airlines,Manila,Hong Kong,On Time,183,6.01,569.09,0,15.04,2026-01-26 16:00:00,2026-01-26 18:00:00
FL-0156,Cebu Pacific,Manila,Seoul,On Time,164,6.05,237.78,0,17.1,2026-01-26 20:00:00,2026-01-26 22:00:00
FL-0157,AirAsia,Davao,Singapore,Delayed,213,6.4,266.09,0,16.2,2026-01-27 00:00:00,2026-01-27 02:00:00
FL-0158,Cebu Pacific,Clark,Hong Kong,On Time,187,7.17,450.4,0,14.73,2026-01-27 04:00:00,2026-01-27 06:00:00
FL-0159,Philippine Airlines,Iloilo,Tokyo,On Time,97,4.75,482.66,15,15.1,2026-01-27 08:00:00,2026-01-27 10:00:00
FL-0160,PAL Express,Cebu,Bangkok,On Time,173,6.25,564.7,45,8.53,2026-01-27 12:00:00,2026-01-27 14:00:00
FL-0161,AirAsia,Iloilo,Hong Kong,On Time,112,5.52,202.4,0,21.25,2026-01-27 16:00:00,2026-01-27 18:00:00
FL-0162,Philippine Airlines,Cebu,Hong Kong,On Time,205,2.71,499.0,0,15.84,2026-01-27 20:00:00,2026-01-27 22:00:00
FL-0163,PAL Express,Clark,Bangkok,Delayed,201,1.67,469.27,0,7.62,2026-01-28 00:00:00,2026-01-28 02:00:00
FL-0164,PAL Express,Cebu,Hong Kong,On Time,217,3.35,131.9,30,20.32,2026-01-28 04:00:00,2026-01-28 06:00:00
FL-0165,Cebu Pacific,Davao,Tokyo,On Time,194,4.38,293.61,0,23.65,2026-01-28 08:00:00,2026-01-28 10:00:00
FL-0166,Philippine Airlines,Davao,Tokyo,Delayed,107,5.51,241.38,0,23.95,2026-01-28 12:00:00,2026-01-28 14:00:00
FL-0167,PAL Express,Davao,Bangkok,On Time,90,7.02,252.25,15,12.38,2026-01-28 16:00:00,2026-01-28 18:00:00
FL-0168,AirAsia,Davao,Seoul,Cancelled,126,2.78,591.47,0,7.71,2026-01-28 20:00:00,2026-01-28 22:00:00
FL-0169,AirAsia,Iloilo,Singapore,On Time,206,2.32,421.39,45,15.37,2026-01-29 00:00:00,2026-01-29 02:00:00
FL-0170,Cebu Pacific,Clark,Seoul,On Time,197,7.76,458.84,0,7.25,2026-01-29 04:00:00,2026-01-29 06:00:00
FL-0171,PAL Express,Cebu,Hong Kong,On Time,205,2.2,588.31,0,23.68,2026-01-29 08:00:00,2026-01-29 10:00:00
FL-0172,Philippine Airlines,Cebu,Singapore,Cancelled,151,4.61,288.6,60,8.67,2026-01-29 12:00:00,2026-01-29 14:00:00
FL-0173,AirAsia,Davao,Bangkok,On Time,186,5.31,500.92,0,10.06,2026-01-29 16:00:00,2026-01-29 18:00:00
FL-0174,PAL Express,Davao,Bangkok,On Time,216,5.02,317.27,0,13.13,2026-01-29 20:00:00,2026-01-29 22:00:00
FL-0175,PAL Express,Manila,Singapore,On Time,112,2.06,534.77,0,12.66,2026-01-30 00:00:00,2026-01-30 02:00:00
FL-0176,Cebu Pacific,Clark,Tokyo,On Time,98,1.87,190.33,0,20.89,2026-01-30 04:00:00,2026-01-30 06:00:00
FL-0177,AirAsia,Iloilo,Singapore,On Time,153,2.19,573.84,0,14.13,2026-01-30 08:00:00,2026-01-30 10:00:00
FL-0178,AirAsia,Cebu,Hong Kong,Cancelled,177,5.31,209.39,0,8.42,2026-01-30 12:00:00,2026-01-30 14:00:00
FL-0179,Philippine Airlines,Manila,Tokyo,On Time,208,5.04,263.11,0,10.34,2026-01-30 16:00:00,2026-01-30 18:00:00
FL-0180,AirAsia,Manila,Bangkok,Delayed,172,3.02,478.1,0,15.18,2026-01-30 20:00:00,2026-01-30 22:00:00
FL-0181,Philippine Airlines,Cebu,Singapore,On Time,127,5.65,296.88,15,7.95,2026-01-31 00:00:00,2026-01-31 02:00:00
FL-0182,AirAsia,Iloilo,Seoul,On Time,143,6.83,404.11,30,17.23,2026-01-31 04:00:00,2026-01-31 06:00:00
FL-0183,Cebu Pacific,Manila,Seoul,On Time,140,1.77,322.29,0,16.31,2026-01-31 08:00:00,2026-01-31 10:00:00
FL-0184,AirAsia,Manila,Hong Kong,On Time,118,4.74,471.18,0,19.29,2026-01-31 12:00:00,2026-01-31 14:00:00
FL-0185,Philippine Airlines,Clark,Seoul,Delayed,207,5.98,214.17,0,23.75,2026-01-31 16:00:00,2026-01-31 18:00:00
FL-0186,Philippine Airlines,Iloilo,Singapore,Cancelled,167,3.14,129.23,0,23.25,2026-01-31 20:00:00,2026-01-31 22:00:00
FL-0187,Cebu Pacific,Manila,Singapore,On Time,105,3.5,249.96,15,23.92,2026-02-01 00:00:00,2026-02-01 02:00:00
FL-0188,AirAsia,Iloilo,Seoul,On Time,96,5.49,337.15,15,9.89,2026-02-01 04:00:00,2026-02-01 06:00:00
FL-0189,AirAsia,Cebu,Singapore,On Time,150,7.34,184.01,0,7.63,2026-02-01 08:00:00,2026-02-01 10:00:00
FL-0190,Cebu Pacific,Davao,Hong Kong,Cancelled,92,6.76,277.4,0,11.05,2026-02-01 12:00:00,2026-02-01 14:00:00
FL-0191,AirAsia,Manila,Tokyo,On Time,148,5.29,299.99,0,22.9,2026-02-01 16:00:00,2026-02-01 18:00:00
FL-0192,AirAsia,Clark,Hong Kong,On Time,105,6.25,128.7,0,24.44,2026-02-01 20:00:00,2026-02-01 22:00:00
FL-0193,Philippine Airlines,Cebu,Hong Kong,Delayed,128,3.87,391.65,0,22.19,2026-02-02 00:00:00,2026-02-02 02:00:00
FL-0194,AirAsia,Iloilo,Singapore,On Time,86,5.67,542.17,120,7.2,2026-02-02 04:00:00,2026-02-02 06:00:00
FL-0195,AirAsia,Cebu,Tokyo,On Time,137,4.53,175.87,15,23.95,2026-02-02 08:00:00,2026-02-02 10:00:00
FL-0196,Cebu Pacific,Manila,Singapore,On Time,128,2.73,398.9,0,13.47,2026-02-02 12:00:00,2026-02-02 14:00:00
FL-0197,Cebu Pacific,Iloilo,Bangkok,Cancelled,182,6.06,432.37,0,5.19,2026-02-02 16:00:00,2026-02-02 18:00:00
FL-0198,PAL Express,Davao,Singapore,On Time,132,5.12,309.67,45,13.85,2026-02-02 20:00:00,2026-02-02 22:00:00
FL-0199,Philippine Airlines,Cebu,Singapore,On Time,141,3.83,450.55,0,5.92,2026-02-03 00:00:00,2026-02-03 02:00:00
FL-0200,AirAsia,Manila,Singapore,On Time,96,7.42,305.37,0,15.88,2026-02-03 04:00:00,2026-02-03 06:00:00
FL-0201,AirAsia,Clark,Tokyo,On Time,104,1.64,352.32,0,11.77,2026-02-03 08:00:00,2026-02-03 10:00:00
FL-0202,PAL Express,Iloilo,Singapore,On Time,210,3.55,103.68,30,14.47,2026-02-03 12:00:00,2026-02-03 14:00:00
FL-0203,AirAsia,Cebu,Tokyo,On Time,108,1.87,445.86,0,17.26,2026-02-03 16:00:00,2026-02-03 18:00:00
FL-0204,Philippine Airlines,Cebu,Seoul,On Time,196,6.48,430.67,0,22.38,2026-02-03 20:00:00,2026-02-03 22:00:00
FL-0205,PAL Express,Davao,Bangkok,On Time,105,6.06,119.2,30,18.24,2026-02-04 00:00:00,2026-02-04 02:00:00
FL-0206,Philippine Airlines,Davao,Tokyo,On Time,203,3.65,284.13,45,13.68,2026-02-04 04:00:00,2026-02-04 06:00:00
FL-0207,PAL Express,Clark,Seoul,On Time,104,5.89,589.52,45,21.39,2026-02-04 08:00:00,2026-02-04 10:00:00
FL-0208,PAL Express,Clark,Tokyo,Delayed,133,4.07,310.37,0,23.11,2026-02-04 12:00:00,2026-02-04 14:00:00
FL-0209,Cebu Pacific,Manila,Tokyo,On Time,152,6.42,350.97,0,7.4,2026-02-04 16:00:00,2026-02-04 18:00:00
FL-0210,Philippine Airlines,Manila,Bangkok,Delayed,199,4.45,554.97,15,15.64,2026-02-04 20:00:00,2026-02-04 22:00:00
FL-0211,AirAsia,Clark,Hong Kong,Delayed,135,4.18,458.63,15,10.69,2026-02-05 00:00:00,2026-02-05 02:00:00
FL-0212,AirAsia,Clark,Hong Kong,On Time,144,7.58,391.04,0,5.94,2026-02-05 04:00:00,2026-02-05 06:00:00
FL-0213,Philippine Airlines,Iloilo,Tokyo,On Time,172,3.13,498.9,0,18.37,2026-02-05 08:00:00,2026-02-05 10:00:00
FL-0214,AirAsia,Davao,Singapore,On Time,165,2.28,532.18,15,22.26,2026-02-05 12:00:00,2026-02-05 14:00:00
FL-0215,AirAsia,Manila,Seoul,On Time,159,5.3,328.44,15,8.26,2026-02-05 16:00:00,2026-02-05 18:00:00
FL-0216,Philippine Airlines,Davao,Singapore,On Time,187,7.8,337.55,0,21.25,2026-02-05 20:00:00,2026-02-05 22:00:00
FL-0217,PAL Express,Davao,Singapore,On Time,197,3.96,293.03,0,22.07,2026-02-06 00:00:00,2026-02-06 02:00:00
FL-0218,Philippine Airlines,Clark,Tokyo,On Time,162,1.9,583.35,0,23.29,2026-02-06 04:00:00,2026-02-06 06:00:00
FL-0219,PAL Express,Iloilo,Tokyo,Delayed,94,3.71,448.58,0,10.31,2026-02-06 08:00:00,2026-02-06 10:00:00
FL-0220,AirAsia,Cebu,Tokyo,On Time,210,4.79,141.61,0,23.08,2026-02-06 12:00:00,2026-02-06 14:00:00
FL-0221,AirAsia,Iloilo,Tokyo,Delayed,218,2.55,531.48,0,11.41,2026-02-06 16:00:00,2026-02-06 18:00:00
FL-0222,AirAsia,Iloilo,Hong Kong,On Time,109,5.78,340.28,0,16.05,2026-02-06 20:00:00,2026-02-06 22:00:00
FL-0223,Cebu Pacific,Davao,Tokyo,Delayed,136,7.99,134.38,0,6.01,2026-02-07 00:00:00,2026-02-07 02:00:00
FL-0224,PAL Express,Iloilo,Hong Kong,On Time,207,4.44,374.86,0,5.88,2026-02-07 04:00:00,2026-02-07 06:00:00
FL-0225,Cebu Pacific,Manila,Hong Kong,On Time,127,3.81,308.58,30,19.41,2026-02-07 08:00:00,2026-02-07 10:00:00
FL-0226,Cebu Pacific,Davao,Tokyo,On Time,215,4.1,538.87,0,13.89,2026-02-07 12:00:00,2026-02-07 14:00:00
FL-0227,Philippine Airlines,Manila,Bangkok,On Time,101,2.25,202.0,0,10.13,2026-02-07 16:00:00,2026-02-07 18:00:00
FL-0228,Cebu Pacific,Cebu,Seoul,On Time,85,7.24,513.23,30,8.81,2026-02-07 20:00:00,2026-02-07 22:00:00
FL-0229,Philippine Airlines,Davao,Singapore,Cancelled,183,4.2,378.84,0,18.4,2026-02-08 00:00:00,2026-02-08 02:00:00
FL-0230,Philippine Airlines,Cebu,Hong Kong,On Time,115,4.02,127.31,60,5.01,2026-02-08 04:00:00,2026-02-08 06:00:00
FL-0231,Cebu Pacific,Davao,Seoul,On Time,158,5.79,585.92,30,21.12,2026-02-08 08:00:00,2026-02-08 10:00:00
FL-0232,PAL Express,Clark,Bangkok,Delayed,195,4.37,356.31,0,6.58,2026-02-08 12:00:00,2026-02-08 14:00:00
FL-0233,PAL Express,Iloilo,Singapore,Delayed,136,5.71,245.44,120,8.83,2026-02-08 16:00:00,2026-02-08 18:00:00
FL-0234,PAL Express,Clark,Singapore,On Time,128,1.9,334.7,0,12.72,2026-02-08 20:00:00,2026-02-08 22:00:00
FL-0235,PAL Express,Cebu,Hong Kong,On Time,161,6.79,528.93,0,14.7,2026-02-09 00:00:00,2026-02-09 02:00:00
FL-0236,PAL Express,Iloilo,Tokyo,On Time,145,7.61,252.45,0,12.1,2026-02-09 04:00:00,2026-02-09 06:00:00
FL-0237,Cebu Pacific,Davao,Bangkok,On Time,156,5.72,196.34,0,11.41,2026-02-09 08:00:00,2026-02-09 10:00:00
FL-0238,Cebu Pacific,Iloilo,Hong Kong,Delayed,124,7.7,164.54,45,24.28,2026-02-09 12:00:00,2026-02-09 14:00:00
FL-0239,AirAsia,Manila,Bangkok,Cancelled,158,2.48,248.93,0,17.83,2026-02-09 16:00:00,2026-02-09 18:00:00
FL-0240,PAL Express,Iloilo,Tokyo,Delayed,99,4.6,490.02,0,5.47,2026-02-09 20:00:00,2026-02-09 22:00:00
FL-0241,Cebu Pacific,Manila,Tokyo,Delayed,202,5.41,335.81,0,13.6,2026-02-10 00:00:00,2026-02-10 02:00:00
FL-0242,AirAsia,Iloilo,Hong Kong,On Time,146,5.28,213.74,0,22.5,2026-02-10 04:00:00,2026-02-10 06:00:00
FL-0243,PAL Express,Manila,Tokyo,Delayed,162,4.11,183.09,0,11.03,2026-02-10 08:00:00,2026-02-10 10:00:00
FL-0244,Philippine Airlines,Cebu,Seoul,Delayed,82,3.7,266.36,0,6.89,2026-02-10 12:00:00,2026-02-10 14:00:00
FL-0245,AirAsia,Clark,Singapore,On Time,143,2.32,569.96,30,20.17,2026-02-10 16:00:00,2026-02-10 18:00:00
FL-0246,Cebu Pacific,Davao,Hong Kong,Delayed,119,4.05,271.51,0,17.12,2026-02-10 20:00:00,2026-02-10 22:00:00
FL-0247,Philippine Airlines,Iloilo,Bangkok,On Time,138,2.56,594.06,30,16.41,2026-02-11 00:00:00,2026-02-11 02:00:00
FL-0248,Philippine Airlines,Clark,Seoul,On Time,141,6.27,342.62,0,6.07,2026-02-11 04:00:00,2026-02-11 06:00:00
FL-0249,Philippine Airlines,Davao,Hong Kong,Delayed,211,2.86,189.58,15,7.81,2026-02-11 08:00:00,2026-02-11 10:00:00
FL-0250,AirAsia,Davao,Tokyo,On Time,139,1.88,545.57,15,17.45,2026-02-11 12:00:00,2026-02-11 14:00:00
FL-0251,Cebu Pacific,Manila,Tokyo,On Time,195,5.09,330.18,0,9.16,2026-02-11 16:00:00,2026-02-11 18:00:00
FL-0252,Philippine Airlines,Cebu,Tokyo,On Time,154,5.37,454.84,0,15.08,2026-02-11 20:00:00,2026-02-11 22:00:00
FL-0253,PAL Express,Cebu,Tokyo,On Time,201,7.17,591.86,30,15.9,2026-02-12 00:00:00,2026-02-12 02:00:00
FL-0254,Philippine Airlines,Clark,Bangkok,Cancelled,186,5.25,125.09,0,10.67,2026-02-12 04:00:00,2026-02-12 06:00:00
FL-0255,Philippine Airlines,Cebu,Seoul,On Time,175,3.75,148.35,60,23.97,2026-02-12 08:00:00,2026-02-12 10:00:00
FL-0256,AirAsia,Iloilo,Singapore,On Time,170,6.72,460.23,0,21.85,2026-02-12 12:00:00,2026-02-12 14:00:00
FL-0257,AirAsia,Cebu,Bangkok,Delayed,209,5.01,240.91,0,19.45,2026-02-12 16:00:00,2026-02-12 18:00:00
FL-0258,Cebu Pacific,Clark,Bangkok,On Time,141,2.02,192.15,0,6.56,2026-02-12 20:00:00,2026-02-12 22:00:00
FL-0259,PAL Express,Cebu,Singapore,On Time,128,5.18,119.68,60,7.12,2026-02-13 00:00:00,2026-02-13 02:00:00
FL-0260,AirAsia,Iloilo,Singapore,On Time,216,7.4,110.92,0,14.86,2026-02-13 04:00:00,2026-02-13 06:00:00
FL-0261,Philippine Airlines,Manila,Tokyo,Delayed,171,4.08,487.24,30,8.21,2026-02-13 08:00:00,2026-02-13 10:00:00
FL-0262,Cebu Pacific,Clark,Bangkok,On Time,203,3.43,167.22,45,24.57,2026-02-13 12:00:00,2026-02-13 14:00:00
FL-0263,Philippine Airlines,Manila,Hong Kong,On Time,140,2.43,333.86,0,8.17,2026-02-13 16:00:00,2026-02-13 18:00:00
FL-0264,Philippine Airlines,Manila,Singapore,On Time,127,2.48,402.95,0,14.75,2026-02-13 20:00:00,2026-02-13 22:00:00
FL-0265,AirAsia,Manila,Singapore,On Time,215,4.31,314.18,15,12.28,2026-02-14 00:00:00,2026-02-14 02:00:00
FL-0266,Cebu Pacific,Davao,Seoul,On Time,137,5.37,113.55,0,17.79,2026-02-14 04:00:00,2026-02-14 06:00:00
FL-0267,PAL Express,Davao,Hong Kong,On Time,180,2.02,491.75,15,7.58,2026-02-14 08:00:00,2026-02-14 10:00:00
FL-0268,PAL Express,Manila,Hong Kong,On Time,191,7.61,105.26,0,13.61,2026-02-14 12:00:00,2026-02-14 14:00:00
FL-0269,AirAsia,Clark,Singapore,Delayed,141,6.41,480.94,0,10.49,2026-02-14 16:00:00,2026-02-14 18:00:00
FL-0270,AirAsia,Iloilo,Tokyo,On Time,118,5.31,546.65,15,22.76,2026-02-14 20:00:00,2026-02-14 22:00:00
FL-0271,Cebu Pacific,Iloilo,Seoul,Delayed,137,6.88,316.42,0,5.81,2026-02-15 00:00:00,2026-02-15 02:00:00
FL-0272,PAL Express,Cebu,Hong Kong,Cancelled,178,2.02,367.77,0,23.27,2026-02-15 04:00:00,2026-02-15 06:00:00
FL-0273,PAL Express,Clark,Singapore,Delayed,123,4.6,338.49,0,21.66,2026-02-15 08:00:00,2026-02-15 10:00:00
FL-0274,PAL Express,Davao,Hong Kong,On Time,108,5.6,294.6,0,10.95,2026-02-15 12:00:00,2026-02-15 14:00:00
FL-0275,Philippine Airlines,Manila,Seoul,On Time,138,6.89,543.71,0,20.79,2026-02-15 16:00:00,2026-02-15 18:00:00
FL-0276,PAL Express,Cebu,Seoul,On Time,150,6.59,546.97,30,5.62,2026-02-15 20:00:00,2026-02-15 22:00:00
FL-0277,Philippine Airlines,Iloilo,Bangkok,On Time,171,3.3,267.91,0,24.34,2026-02-16 00:00:00,2026-02-16 02:00:00
FL-0278,Cebu Pacific,Davao,Singapore,On Time,88,7.62,407.53,0,15.53,2026-02-16 04:00:00,2026-02-16 06:00:00
FL-0279,Philippine Airlines,Davao,Seoul,Cancelled,206,2.31,563.45,0,11.07,2026-02-16 08:00:00,2026-02-16 10:00:00
FL-0280,Cebu Pacific,Manila,Bangkok,Delayed,213,7.19,581.03,0,12.25,2026-02-16 12:00:00,2026-02-16 14:00:00
FL-0281,PAL Express,Iloilo,Bangkok,On Time,210,7.81,354.48,0,6.33,2026-02-16 16:00:00,2026-02-16 18:00:00
FL-0282,PAL Express,Clark,Hong Kong,On Time,100,2.65,326.41,45,24.79,2026-02-16 20:00:00,2026-02-16 22:00:00
FL-0283,Cebu Pacific,Davao,Hong Kong,Delayed,143,6.19,239.35,15,5.79,2026-02-17 00:00:00,2026-02-17 02:00:00
FL-0284,AirAsia,Manila,Bangkok,On Time,169,1.76,579.44,0,18.1,2026-02-17 04:00:00,2026-02-17 06:00:00
FL-0285,Cebu Pacific,Clark,Hong Kong,On Time,115,4.14,171.41,0,13.85,2026-02-17 08:00:00,2026-02-17 10:00:00
FL-0286,AirAsia,Iloilo,Seoul,Delayed,141,4.86,389.91,0,23.98,2026-02-17 12:00:00,2026-02-17 14:00:00
FL-0287,Philippine Airlines,Davao,Tokyo,On Time,155,5.27,241.28,0,9.92,2026-02-17 16:00:00,2026-02-17 18:00:00
FL-0288,Philippine Airlines,Clark,Seoul,On Time,92,7.58,239.5,0,15.64,2026-02-17 20:00:00,2026-02-17 22:00:00
FL-0289,Philippine Airlines,Clark,Bangkok,On Time,90,5.87,302.48,0,14.65,2026-02-18 00:00:00,2026-02-18 02:00:00
FL-0290,PAL Express,Clark,Bangkok,Delayed,133,4.63,599.4,0,19.06,2026-02-18 04:00:00,2026-02-18 06:00:00
FL-0291,Philippine Airlines,Davao,Seoul,On Time,95,6.76,127.48,0,6.36,2026-02-18 08:00:00,2026-02-18 10:00:00
FL-0292,AirAsia,Davao,Hong Kong,On Time,87,7.68,389.27,0,8.88,2026-02-18 12:00:00,2026-02-18 14:00:00
FL-0293,Philippine Airlines,Cebu,Hong Kong,On Time,183,1.64,141.29,60,9.29,2026-02-18 16:00:00,2026-02-18 18:00:00
FL-0294,Cebu Pacific,Iloilo,Bangkok,On Time,138,7.89,177.26,0,19.76,2026-02-18 20:00:00,2026-02-18 22:00:00
FL-0295,Cebu Pacific,Manila,Singapore,On Time,136,2.06,319.78,0,8.78,2026-02-19 00:00:00,2026-02-19 02:00:00
FL-0296,PAL Express,Clark,Hong Kong,Delayed,119,6.79,355.23,0,16.47,2026-02-19 04:00:00,2026-02-19 06:00:00
FL-0297,Cebu Pacific,Cebu,Seoul,On Time,209,3.32,229.4,0,9.3,2026-02-19 08:00:00,2026-02-19 10:00:00
FL-0298,AirAsia,Manila,Hong Kong,Delayed,173,2.36,258.23,15,22.23,2026-02-19 12:00:00,2026-02-19 14:00:00
FL-0299,Philippine Airlines,Cebu,Seoul,On Time,217,4.36,143.48,0,23.84,2026-02-19 16:00:00,2026-02-19 18:00:00
FL-0300,PAL Express,Davao,Bangkok,On Time,123,5.69,251.61,0,15.37,2026-02-19 20:00:00,2026-02-19 22:00:00
FL-0301,Philippine Airlines,Clark,Hong Kong,On Time,218,3.98,583.28,0,12.05,2026-02-20 00:00:00,2026-02-20 02:00:00
FL-0302,Philippine Airlines,Manila,Seoul,On Time,159,1.85,572.35,15,9.68,2026-02-20 04:00:00,2026-02-20 06:00:00
FL-0303,AirAsia,Manila,Bangkok,On Time,160,5.4,267.44,0,6.0,2026-02-20 08:00:00,2026-02-20 10:00:00
FL-0304,Cebu Pacific,Manila,Singapore,On Time,81,7.37,385.43,0,10.37,2026-02-20 12:00:00,2026-02-20 14:00:00
FL-0305,Cebu Pacific,Manila,Seoul,On Time,219,3.99,554.8,0,18.08,2026-02-20 16:00:00,2026-02-20 18:00:00
FL-0306,Philippine Airlines,Manila,Singapore,On Time,194,2.91,103.09,0,15.67,2026-02-20 20:00:00,2026-02-20 22:00:00
FL-0307,PAL Express,Cebu,Singapore,On Time,169,4.38,505.34,0,23.88,2026-02-21 00:00:00,2026-02-21 02:00:00
FL-0308,Cebu Pacific,Clark,Tokyo,Delayed,102,1.81,574.18,0,12.93,2026-02-21 04:00:00,2026-02-21 06:00:00
FL-0309,PAL Express,Davao,Hong Kong,Cancelled,141,6.83,145.66,0,18.88,2026-02-21 08:00:00,2026-02-21 10:00:00
FL-0310,Cebu Pacific,Davao,Seoul,On Time,192,6.87,180.72,30,14.79,2026-02-21 12:00:00,2026-02-21 14:00:00
FL-0311,PAL Express,Davao,Singapore,On Time,207,5.32,580.37,0,15.25,2026-02-21 16:00:00,2026-02-21 18:00:00
FL-0312,AirAsia,Davao,Tokyo,On Time,141,3.8,368.77,0,10.36,2026-02-21 20:00:00,2026-02-21 22:00:00
FL-0313,PAL Express,Cebu,Bangkok,On Time,117,6.7,107.1,0,14.1,2026-02-22 00:00:00,2026-02-22 02:00:00
FL-0314,AirAsia,Iloilo,Seoul,On Time,140,5.11,228.82,120,14.42,2026-02-22 04:00:00,2026-02-22 06:00:00
FL-0315,AirAsia,Clark,Singapore,Delayed,208,6.87,324.97,0,19.13,2026-02-22 08:00:00,2026-02-22 10:00:00
FL-0316,PAL Express,Manila,Hong Kong,On Time,201,5.6,446.45,15,23.81,2026-02-22 12:00:00,2026-02-22 14:00:00
FL-0317,AirAsia,Iloilo,Tokyo,On Time,189,6.6,466.58,0,11.59,2026-02-22 16:00:00,2026-02-22 18:00:00
FL-0318,Philippine Airlines,Davao,Singapore,Delayed,92,5.39,597.71,0,5.84,2026-02-22 20:00:00,2026-02-22 22:00:00
FL-0319,AirAsia,Iloilo,Hong Kong,On Time,179,4.19,243.76,0,14.93,2026-02-23 00:00:00,2026-02-23 02:00:00
FL-0320,Cebu Pacific,Clark,Singapore,Delayed,214,7.73,369.11,0,15.89,2026-02-23 04:00:00,2026-02-23 06:00:00
FL-0321,PAL Express,Manila,Seoul,On Time,101,5.02,366.66,45,8.37,2026-02-23 08:00:00,2026-02-23 10:00:00
FL-0322,Philippine Airlines,Manila,Seoul,On Time,153,5.43,302.82,60,20.21,2026-02-23 12:00:00,2026-02-23 14:00:00
FL-0323,PAL Express,Clark,Seoul,On Time,211,2.93,184.58,0,24.7,2026-02-23 16:00:00,2026-02-23 18:00:00
FL-0324,Cebu Pacific,Clark,Tokyo,On Time,102,5.57,588.73,0,23.92,2026-02-23 20:00:00,2026-02-23 22:00:00
FL-0325,Cebu Pacific,Davao,Seoul,Cancelled,198,5.22,526.66,60,8.94,2026-02-24 00:00:00,2026-02-24 02:00:00
FL-0326,Cebu Pacific,Manila,Hong Kong,On Time,149,2.7,349.17,0,22.51,2026-02-24 04:00:00,2026-02-24 06:00:00
FL-0327,AirAsia,Iloilo,Singapore,Cancelled,163,1.89,401.62,0,19.09,2026-02-24 08:00:00,2026-02-24 10:00:00
FL-0328,AirAsia,Cebu,Bangkok,On Time,180,5.43,213.63,0,14.08,2026-02-24 12:00:00,2026-02-24 14:00:00
FL-0329,PAL Express,Cebu,Hong Kong,On Time,163,6.46,371.89,0,15.81,2026-02-24 16:00:00,2026-02-24 18:00:00
FL-0330,PAL Express,Clark,Hong Kong,On Time,107,4.9,447.49,0,21.99,2026-02-24 20:00:00,2026-02-24 22:00:00
FL-0331,Philippine Airlines,Davao,Seoul,On Time,215,2.97,357.58,0,14.6,2026-02-25 00:00:00,2026-02-25 02:00:00
FL-0332,Philippine Airlines,Cebu,Tokyo,Cancelled,80,5.83,595.14,0,12.46,2026-02-25 04:00:00,2026-02-25 06:00:00
FL-0333,PAL Express,Manila,Singapore,On Time,142,2.02,405.67,0,14.86,2026-02-25 08:00:00,2026-02-25 10:00:00
FL-0334,AirAsia,Clark,Tokyo,On Time,101,4.37,285.49,0,16.58,2026-02-25 12:00:00,2026-02-25 14:00:00
FL-0335,Cebu Pacific,Iloilo,Singapore,On Time,149,2.56,486.08,0,8.78,2026-02-25 16:00:00,2026-02-25 18:00:00
FL-0336,PAL Express,Clark,Singapore,On Time,204,2.7,185.23,30,23.02,2026-02-25 20:00:00,2026-02-25 22:00:00
FL-0337,Philippine Airlines,Iloilo,Tokyo,On Time,175,2.81,292.26,0,18.48,2026-02-26 00:00:00,2026-02-26 02:00:00
FL-0338,AirAsia,Clark,Hong Kong,On Time,158,4.01,273.48,0,17.67,2026-02-26 04:00:00,2026-02-26 06:00:00
FL-0339,PAL Express,Clark,Singapore,Delayed,84,1.83,315.9,45,6.99,2026-02-26 08:00:00,2026-02-26 10:00:00
FL-0340,PAL Express,Clark,Tokyo,On Time,139,4.09,490.89,45,17.08,2026-02-26 12:00:00,2026-02-26 14:00:00
FL-0341,AirAsia,Iloilo,Singapore,On Time,199,4.83,342.09,0,7.42,2026-02-26 16:00:00,2026-02-26 18:00:00
FL-0342,PAL Express,Iloilo,Bangkok,On Time,125,4.64,497.01,0,6.57,2026-02-26 20:00:00,2026-02-26 22:00:00
FL-0343,AirAsia,Clark,Hong Kong,On Time,213,3.99,388.24,15,15.55,2026-02-27 00:00:00,2026-02-27 02:00:00
FL-0344,Cebu Pacific,Cebu,Seoul,Cancelled,135,6.95,271.03,30,13.06,2026-02-27 04:00:00,2026-02-27 06:00:00
FL-0345,AirAsia,Davao,Singapore,On Time,189,2.44,504.99,60,16.78,2026-02-27 08:00:00,2026-02-27 10:00:00
FL-0346,AirAsia,Davao,Bangkok,On Time,183,4.79,219.14,45,6.78,2026-02-27 12:00:00,2026-02-27 14:00:00
FL-0347,AirAsia,Davao,Seoul,On Time,156,1.9,212.19,0,13.62,2026-02-27 16:00:00,2026-02-27 18:00:00
FL-0348,PAL Express,Iloilo,Seoul,On Time,81,1.96,352.25,0,8.5,2026-02-27 20:00:00,2026-02-27 22:00:00
FL-0349,PAL Express,Iloilo,Singapore,On Time,87,5.23,230.42,0,24.74,2026-02-28 00:00:00,2026-02-28 02:00:00
FL-0350,AirAsia,Cebu,Tokyo,Cancelled,154,5.18,104.54,0,16.22,2026-02-28 04:00:00,2026-02-28 06:00:00
FL-0351,PAL Express,Davao,Singapore,Delayed,204,7.21,424.15,0,18.75,2026-02-28 08:00:00,2026-02-28 10:00:00
FL-0352,Philippine Airlines,Davao,Bangkok,Cancelled,117,5.13,355.55,0,11.51,2026-02-28 12:00:00,2026-02-28 14:00:00
FL-0353,Philippine Airlines,Clark,Seoul,On Time,106,7.74,322.76,0,6.89,2026-02-28 16:00:00,2026-02-28 18:00:00
FL-0354,PAL Express,Iloilo,Singapore,On Time,99,1.82,583.48,15,24.52,2026-02-28 20:00:00,2026-02-28 22:00:00
FL-0355,PAL Express,Davao,Tokyo,On Time,219,2.14,385.6,0,10.73,2026-03-01 00:00:00,2026-03-01 02:00:00
FL-0356,AirAsia,Cebu,Singapore,On Time,122,1.79,531.72,0,13.48,2026-03-01 04:00:00,2026-03-01 06:00:00
FL-0357,Cebu Pacific,Cebu,Hong Kong,Delayed,110,2.7,169.73,0,18.0,2026-03-01 08:00:00,2026-03-01 10:00:00
FL-0358,PAL Express,Davao,Tokyo,On Time,170,5.02,384.6,0,5.49,2026-03-01 12:00:00,2026-03-01 14:00:00
FL-0359,Philippine Airlines,Iloilo,Bangkok,Delayed,140,5.7,533.99,15,21.21,2026-03-01 16:00:00,2026-03-01 18:00:00
FL-0360,AirAsia,Cebu,Seoul,Delayed,188,1.8,391.55,0,15.73,2026-03-01 20:00:00,2026-03-01 22:00:00
FL-0361,PAL Express,Clark,Singapore,On Time,170,7.65,459.01,120,10.56,2026-03-02 00:00:00,2026-03-02 02:00:00
FL-0362,Philippine Airlines,Cebu,Tokyo,On Time,174,6.97,286.02,0,6.23,2026-03-02 04:00:00,2026-03-02 06:00:00
FL-0363,Philippine Airlines,Manila,Hong Kong,On Time,92,3.43,146.22,0,8.25,2026-03-02 08:00:00,2026-03-02 10:00:00
FL-0364,Cebu Pacific,Manila,Tokyo,On Time,192,2.0,328.95,0,22.9,2026-03-02 12:00:00,2026-03-02 14:00:00
FL-0365,AirAsia,Iloilo,Hong Kong,Delayed,114,2.6,297.24,0,18.72,2026-03-02 16:00:00,2026-03-02 18:00:00
FL-0366,AirAsia,Davao,Bangkok,On Time,127,2.33,533.53,30,10.0,2026-03-02 20:00:00,2026-03-02 22:00:00
FL-0367,Cebu Pacific,Iloilo,Seoul,On Time,114,2.3,222.0,0,6.31,2026-03-03 00:00:00,2026-03-03 02:00:00
FL-0368,Cebu Pacific,Iloilo,Bangkok,On Time,165,4.87,583.37,45,18.81,2026-03-03 04:00:00,2026-03-03 06:00:00
FL-0369,AirAsia,Iloilo,Singapore,Cancelled,193,3.1,579.07,0,16.45,2026-03-03 08:00:00,2026-03-03 10:00:00
FL-0370,AirAsia,Iloilo,Tokyo,On Time,179,3.83,223.82,30,13.09,2026-03-03 12:00:00,2026-03-03 14:00:00
FL-0371,PAL Express,Clark,Hong Kong,Delayed,178,7.93,274.03,0,12.27,2026-03-03 16:00:00,2026-03-03 18:00:00
FL-0372,PAL Express,Clark,Hong Kong,On Time,82,5.95,547.78,45,9.34,2026-03-03 20:00:00,2026-03-03 22:00:00
FL-0373,Cebu Pacific,Cebu,Tokyo,Delayed,164,7.67,583.31,0,18.39,2026-03-04 00:00:00,2026-03-04 02:00:00
FL-0374,PAL Express,Manila,Tokyo,Delayed,204,2.43,321.72,0,24.41,2026-03-04 04:00:00,2026-03-04 06:00:00
FL-0375,Philippine Airlines,Iloilo,Singapore,On Time,217,3.98,260.5,0,8.51,2026-03-04 08:00:00,2026-03-04 10:00:00
FL-0376,PAL Express,Cebu,Bangkok,On Time,162,5.11,363.05,60,16.94,2026-03-04 12:00:00,2026-03-04 14:00:00
FL-0377,PAL Express,Manila,Hong Kong,Delayed,104,2.0,443.88,0,13.48,2026-03-04 16:00:00,2026-03-04 18:00:00
FL-0378,Philippine Airlines,Davao,Singapore,On Time,147,1.53,236.74,0,13.93,2026-03-04 20:00:00,2026-03-04 22:00:00
FL-0379,Cebu Pacific,Clark,Bangkok,Delayed,140,5.86,468.24,30,10.08,2026-03-05 00:00:00,2026-03-05 02:00:00
FL-0380,Philippine Airlines,Manila,Singapore,On Time,108,5.67,125.83,0,21.5,2026-03-05 04:00:00,2026-03-05 06:00:00
FL-0381,PAL Express,Davao,Hong Kong,Delayed,206,4.17,124.65,0,14.71,2026-03-05 08:00:00,2026-03-05 10:00:00
FL-0382,Cebu Pacific,Manila,Tokyo,Delayed,98,4.68,293.14,0,15.87,2026-03-05 12:00:00,2026-03-05 14:00:00
FL-0383,PAL Express,Clark,Tokyo,Cancelled,153,4.2,276.74,0,11.1,2026-03-05 16:00:00,2026-03-05 18:00:00
FL-0384,Philippine Airlines,Clark,Bangkok,On Time,140,1.66,257.82,45,8.64,2026-03-05 20:00:00,2026-03-05 22:00:00
FL-0385,Philippine Airlines,Cebu,Seoul,On Time,99,3.68,345.51,15,6.72,2026-03-06 00:00:00,2026-03-06 02:00:00
FL-0386,PAL Express,Iloilo,Bangkok,On Time,127,2.65,260.37,0,19.28,2026-03-06 04:00:00,2026-03-06 06:00:00
FL-0387,AirAsia,Manila,Seoul,On Time,166,2.14,196.13,120,8.92,2026-03-06 08:00:00,2026-03-06 10:00:00
FL-0388,AirAsia,Manila,Singapore,On Time,218,7.72,254.73,0,18.8,2026-03-06 12:00:00,2026-03-06 14:00:00
FL-0389,Philippine Airlines,Davao,Singapore,On Time,189,5.4,587.45,0,12.81,2026-03-06 16:00:00,2026-03-06 18:00:00
FL-0390,Philippine Airlines,Clark,Hong Kong,Delayed,107,6.24,305.56,0,13.32,2026-03-06 20:00:00,2026-03-06 22:00:00
FL-0391,AirAsia,Manila,Seoul,On Time,138,3.55,322.36,0,14.38,2026-03-07 00:00:00,2026-03-07 02:00:00
FL-0392,AirAsia,Clark,Hong Kong,On Time,212,4.06,388.27,0,12.35,2026-03-07 04:00:00,2026-03-07 06:00:00
FL-0393,PAL Express,Manila,Tokyo,On Time,130,3.04,591.67,60,7.01,2026-03-07 08:00:00,2026-03-07 10:00:00
FL-0394,PAL Express,Cebu,Seoul,On Time,91,2.13,220.8,15,11.19,2026-03-07 12:00:00,2026-03-07 14:00:00
FL-0395,AirAsia,Iloilo,Bangkok,On Time,129,2.66,440.64,0,18.27,2026-03-07 16:00:00,2026-03-07 18:00:00
FL-0396,PAL Express,Manila,Tokyo,Cancelled,211,6.68,457.99,0,18.32,2026-03-07 20:00:00,2026-03-07 22:00:00
FL-0397,PAL Express,Clark,Tokyo,Cancelled,192,5.9,403.66,15,10.72,2026-03-08 00:00:00,2026-03-08 02:00:00
FL-0398,Cebu Pacific,Cebu,Bangkok,On Time,93,5.06,144.29,60,14.2,2026-03-08 04:00:00,2026-03-08 06:00:00
FL-0399,PAL Express,Manila,Tokyo,On Time,111,4.59,438.44,45,8.87,2026-03-08 08:00:00,2026-03-08 10:00:00
FL-0400,Philippine Airlines,Davao,Seoul,Delayed,218,7.5,132.05,0,9.21,2026-03-08 12:00:00,2026-03-08 14:00:00
FL-0401,PAL Express,Iloilo,Hong Kong,On Time,134,1.97,398.07,15,5.46,2026-03-08 16:00:00,2026-03-08 18:00:00
FL-0402,PAL Express,Manila,Tokyo,On Time,199,3.32,469.79,0,22.93,2026-03-08 20:00:00,2026-03-08 22:00:00
FL-0403,AirAsia,Cebu,Seoul,On Time,154,3.77,205.48,0,9.21,2026-03-09 00:00:00,2026-03-09 02:00:00
FL-0404,Philippine Airlines,Davao,Singapore,On Time,100,6.59,520.81,0,9.55,2026-03-09 04:00:00,2026-03-09 06:00:00
FL-0405,PAL Express,Cebu,Seoul,On Time,212,7.95,115.18,0,10.59,2026-03-09 08:00:00,2026-03-09 10:00:00
FL-0406,PAL Express,Cebu,Hong Kong,On Time,166,3.06,521.91,0,7.55,2026-03-09 12:00:00,2026-03-09 14:00:00
FL-0407,Cebu Pacific,Davao,Seoul,On Time,138,7.18,330.16,0,17.79,2026-03-09 16:00:00,2026-03-09 18:00:00
FL-0408,PAL Express,Cebu,Bangkok,Cancelled,168,6.9,208.79,0,6.5,2026-03-09 20:00:00,2026-03-09 22:00:00
FL-0409,PAL Express,Davao,Hong Kong,On Time,162,2.96,166.89,15,7.68,2026-03-10 00:00:00,2026-03-10 02:00:00
FL-0410,Cebu Pacific,Manila,Singapore,Delayed,144,4.1,576.65,0,17.9,2026-03-10 04:00:00,2026-03-10 06:00:00
FL-0411,AirAsia,Davao,Bangkok,Delayed,143,4.16,136.33,0,11.79,2026-03-10 08:00:00,2026-03-10 10:00:00
FL-0412,PAL Express,Davao,Seoul,On Time,150,7.86,199.55,0,19.16,2026-03-10 12:00:00,2026-03-10 14:00:00
FL-0413,Cebu Pacific,Iloilo,Hong Kong,On Time,83,2.68,273.91,60,16.15,2026-03-10 16:00:00,2026-03-10 18:00:00
FL-0414,Philippine Airlines,Davao,Singapore,On Time,183,6.69,410.12,0,10.12,2026-03-10 20:00:00,2026-03-10 22:00:00
FL-0415,AirAsia,Davao,Bangkok,On Time,172,3.67,372.4,0,18.02,2026-03-11 00:00:00,2026-03-11 02:00:00
FL-0416,Philippine Airlines,Manila,Singapore,Delayed,191,6.25,162.82,0,7.33,2026-03-11 04:00:00,2026-03-11 06:00:00
FL-0417,Philippine Airlines,Iloilo,Seoul,On Time,198,4.23,244.86,30,15.73,2026-03-11 08:00:00,2026-03-11 10:00:00
FL-0418,Cebu Pacific,Clark,Singapore,Cancelled,138,5.26,219.38,120,13.74,2026-03-11 12:00:00,2026-03-11 14:00:00
FL-0419,PAL Express,Manila,Tokyo,On Time,122,6.91,206.77,0,10.36,2026-03-11 16:00:00,2026-03-11 18:00:00
FL-0420,Cebu Pacific,Manila,Bangkok,On Time,91,6.73,305.57,0,17.08,2026-03-11 20:00:00,2026-03-11 22:00:00
FL-0421,Cebu Pacific,Clark,Singapore,On Time,119,7.13,452.02,45,22.43,2026-03-12 00:00:00,2026-03-12 02:00:00
FL-0422,Cebu Pacific,Davao,Seoul,On Time,197,1.89,208.73,0,24.98,2026-03-12 04:00:00,2026-03-12 06:00:00
FL-0423,Cebu Pacific,Cebu,Seoul,On Time,99,6.0,283.34,0,17.16,2026-03-12 08:00:00,2026-03-12 10:00:00
FL-0424,AirAsia,Iloilo,Singapore,On Time,210,2.41,295.46,0,13.09,2026-03-12 12:00:00,2026-03-12 14:00:00
FL-0425,PAL Express,Cebu,Seoul,On Time,169,4.2,588.23,0,9.5,2026-03-12 16:00:00,2026-03-12 18:00:00
FL-0426,Philippine Airlines,Clark,Hong Kong,On Time,173,5.07,577.33,0,10.14,2026-03-12 20:00:00,2026-03-12 22:00:00
FL-0427,Philippine Airlines,Manila,Hong Kong,Cancelled,92,4.12,500.07,0,14.59,2026-03-13 00:00:00,2026-03-13 02:00:00
FL-0428,PAL Express,Manila,Hong Kong,On Time,145,4.88,220.83,0,12.35,2026-03-13 04:00:00,2026-03-13 06:00:00
FL-0429,Philippine Airlines,Iloilo,Tokyo,Delayed,116,7.98,134.02,60,23.28,2026-03-13 08:00:00,2026-03-13 10:00:00
FL-0430,PAL Express,Manila,Singapore,Delayed,145,2.38,258.45,0,12.37,2026-03-13 12:00:00,2026-03-13 14:00:00
FL-0431,Philippine Airlines,Manila,Tokyo,Cancelled,115,5.89,233.4,30,12.47,2026-03-13 16:00:00,2026-03-13 18:00:00
FL-0432,Cebu Pacific,Iloilo,Seoul,On Time,105,4.07,352.96,0,12.67,2026-03-13 20:00:00,2026-03-13 22:00:00
FL-0433,Philippine Airlines,Iloilo,Tokyo,Delayed,154,2.36,488.86,0,21.73,2026-03-14 00:00:00,2026-03-14 02:00:00
FL-0434,PAL Express,Clark,Seoul,On Time,187,2.53,529.16,0,18.02,2026-03-14 04:00:00,2026-03-14 06:00:00
FL-0435,PAL Express,Manila,Seoul,On Time,122,7.67,522.43,45,17.28,2026-03-14 08:00:00,2026-03-14 10:00:00
FL-0436,PAL Express,Manila,Bangkok,On Time,87,7.22,279.84,15,11.68,2026-03-14 12:00:00,2026-03-14 14:00:00
FL-0437,PAL Express,Clark,Hong Kong,Delayed,108,7.4,443.62,0,21.36,2026-03-14 16:00:00,2026-03-14 18:00:00
FL-0438,PAL Express,Davao,Seoul,On Time,119,7.94,256.42,30,5.77,2026-03-14 20:00:00,2026-03-14 22:00:00
FL-0439,AirAsia,Davao,Bangkok,Delayed,207,2.85,130.45,0,22.42,2026-03-15 00:00:00,2026-03-15 02:00:00
FL-0440,AirAsia,Davao,Hong Kong,On Time,163,3.81,450.78,60,15.25,2026-03-15 04:00:00,2026-03-15 06:00:00
FL-0441,Philippine Airlines,Clark,Seoul,Delayed,195,5.85,104.91,15,12.97,2026-03-15 08:00:00,2026-03-15 10:00:00
FL-0442,PAL Express,Manila,Seoul,Cancelled,141,4.64,304.59,45,14.94,2026-03-15 12:00:00,2026-03-15 14:00:00
FL-0443,Philippine Airlines,Clark,Tokyo,On Time,86,4.22,264.69,0,18.35,2026-03-15 16:00:00,2026-03-15 18:00:00
FL-0444,PAL Express,Clark,Tokyo,Cancelled,124,3.83,446.69,0,5.26,2026-03-15 20:00:00,2026-03-15 22:00:00
FL-0445,PAL Express,Davao,Hong Kong,On Time,167,5.36,483.12,0,22.43,2026-03-16 00:00:00,2026-03-16 02:00:00
FL-0446,AirAsia,Cebu,Seoul,On Time,152,5.24,252.05,0,13.93,2026-03-16 04:00:00,2026-03-16 06:00:00
FL-0447,AirAsia,Manila,Singapore,On Time,116,2.55,505.81,0,11.86,2026-03-16 08:00:00,2026-03-16 10:00:00
FL-0448,Cebu Pacific,Davao,Tokyo,On Time,198,4.57,246.96,0,7.76,2026-03-16 12:00:00,2026-03-16 14:00:00
FL-0449,AirAsia,Cebu,Hong Kong,On Time,136,5.1,323.16,0,13.79,2026-03-16 16:00:00,2026-03-16 18:00:00
FL-0450,Cebu Pacific,Cebu,Seoul,On Time,87,5.21,463.51,0,14.93,2026-03-16 20:00:00,2026-03-16 22:00:00
FL-0451,Cebu Pacific,Iloilo,Seoul,On Time,174,2.87,446.46,0,13.07,2026-03-17 00:00:00,2026-03-17 02:00:00
FL-0452,Cebu Pacific,Manila,Singapore,Cancelled,196,6.32,593.68,0,18.57,2026-03-17 04:00:00,2026-03-17 06:00:00
FL-0453,Cebu Pacific,Cebu,Hong Kong,Delayed,189,1.66,212.58,60,13.42,2026-03-17 08:00:00,2026-03-17 10:00:00
FL-0454,Cebu Pacific,Davao,Seoul,Delayed,99,3.81,431.16,0,24.23,2026-03-17 12:00:00,2026-03-17 14:00:00
FL-0455,Philippine Airlines,Iloilo,Tokyo,Delayed,203,6.57,404.84,0,16.99,2026-03-17 16:00:00,2026-03-17 18:00:00
FL-0456,AirAsia,Manila,Singapore,Delayed,132,5.17,557.55,15,21.15,2026-03-17 20:00:00,2026-03-17 22:00:00
FL-0457,Cebu Pacific,Clark,Hong Kong,On Time,198,3.2,178.18,0,7.19,2026-03-18 00:00:00,2026-03-18 02:00:00
FL-0458,PAL Express,Davao,Singapore,On Time,91,6.02,475.9,0,12.95,2026-03-18 04:00:00,2026-03-18 06:00:00
FL-0459,AirAsia,Cebu,Tokyo,Delayed,96,5.19,384.13,0,11.74,2026-03-18 08:00:00,2026-03-18 10:00:00
FL-0460,AirAsia,Cebu,Hong Kong,On Time,143,6.68,237.33,0,16.39,2026-03-18 12:00:00,2026-03-18 14:00:00
FL-0461,Cebu Pacific,Davao,Singapore,On Time,121,6.28,337.22,60,22.22,2026-03-18 16:00:00,2026-03-18 18:00:00
FL-0462,Philippine Airlines,Cebu,Bangkok,On Time,173,5.47,266.89,0,6.57,2026-03-18 20:00:00,2026-03-18 22:00:00
FL-0463,Cebu Pacific,Iloilo,Tokyo,On Time,90,4.67,389.66,0,6.45,2026-03-19 00:00:00,2026-03-19 02:00:00
FL-0464,Philippine Airlines,Manila,Tokyo,On Time,177,2.37,544.5,0,22.01,2026-03-19 04:00:00,2026-03-19 06:00:00
FL-0465,PAL Express,Iloilo,Tokyo,On Time,150,3.2,384.65,0,9.26,2026-03-19 08:00:00,2026-03-19 10:00:00
FL-0466,AirAsia,Cebu,Bangkok,On Time,187,4.22,415.86,15,18.38,2026-03-19 12:00:00,2026-03-19 14:00:00
FL-0467,PAL Express,Clark,Bangkok,On Time,137,5.4,359.37,0,15.86,2026-03-19 16:00:00,2026-03-19 18:00:00
FL-0468,Philippine Airlines,Manila,Seoul,On Time,113,4.84,125.58,0,21.66,2026-03-19 20:00:00,2026-03-19 22:00:00
FL-0469,Philippine Airlines,Manila,Singapore,On Time,99,3.37,216.43,0,7.5,2026-03-20 00:00:00,2026-03-20 02:00:00
FL-0470,PAL Express,Davao,Seoul,Delayed,129,1.54,346.0,0,7.6,2026-03-20 04:00:00,2026-03-20 06:00:00
FL-0471,Philippine Airlines,Davao,Singapore,On Time,181,4.73,255.12,0,16.14,2026-03-20 08:00:00,2026-03-20 10:00:00
FL-0472,PAL Express,Clark,Bangkok,On Time,217,3.36,190.88,30,23.93,2026-03-20 12:00:00,2026-03-20 14:00:00
FL-0473,AirAsia,Manila,Bangkok,Delayed,131,6.27,352.07,15,13.3,2026-03-20 16:00:00,2026-03-20 18:00:00
FL-0474,PAL Express,Clark,Seoul,On Time,94,1.66,261.4,45,11.54,2026-03-20 20:00:00,2026-03-20 22:00:00
FL-0475,AirAsia,Davao,Hong Kong,On Time,163,5.3,229.05,30,17.13,2026-03-21 00:00:00,2026-03-21 02:00:00
FL-0476,PAL Express,Davao,Seoul,On Time,210,7.62,331.99,0,23.61,2026-03-21 04:00:00,2026-03-21 06:00:00
FL-0477,Philippine Airlines,Manila,Singapore,Delayed,116,2.63,166.64,0,21.74,2026-03-21 08:00:00,2026-03-21 10:00:00
FL-0478,PAL Express,Iloilo,Seoul,On Time,205,4.57,563.87,15,24.91,2026-03-21 12:00:00,2026-03-21 14:00:00
FL-0479,Philippine Airlines,Cebu,Tokyo,On Time,119,2.09,533.85,30,5.45,2026-03-21 16:00:00,2026-03-21 18:00:00
FL-0480,PAL Express,Davao,Singapore,Delayed,151,5.57,453.81,15,7.26,2026-03-21 20:00:00,2026-03-21 22:00:00
FL-0481,PAL Express,Davao,Singapore,On Time,119,5.08,153.11,0,17.19,2026-03-22 00:00:00,2026-03-22 02:00:00
FL-0482,Cebu Pacific,Iloilo,Hong Kong,On Time,135,4.15,487.94,0,21.41,2026-03-22 04:00:00,2026-03-22 06:00:00
FL-0483,Philippine Airlines,Iloilo,Bangkok,On Time,183,4.89,503.98,30,10.7,2026-03-22 08:00:00,2026-03-22 10:00:00
FL-0484,Cebu Pacific,Clark,Singapore,On Time,218,7.33,483.88,15,9.78,2026-03-22 12:00:00,2026-03-22 14:00:00
FL-0485,Philippine Airlines,Clark,Bangkok,On Time,189,2.78,156.98,120,20.74,2026-03-22 16:00:00,2026-03-22 18:00:00
FL-0486,Cebu Pacific,Cebu,Seoul,On Time,215,1.65,421.95,0,6.13,2026-03-22 20:00:00,2026-03-22 22:00:00
FL-0487,AirAsia,Cebu,Tokyo,Delayed,172,7.1,517.16,0,12.39,2026-03-23 00:00:00,2026-03-23 02:00:00
FL-0488,PAL Express,Manila,Hong Kong,On Time,173,5.25,388.68,0,15.12,2026-03-23 04:00:00,2026-03-23 06:00:00
FL-0489,Philippine Airlines,Clark,Bangkok,On Time,135,7.29,423.2,15,16.21,2026-03-23 08:00:00,2026-03-23 10:00:00
FL-0490,Philippine Airlines,Davao,Singapore,On Time,139,5.38,329.18,0,19.57,2026-03-23 12:00:00,2026-03-23 14:00:00
FL-0491,PAL Express,Clark,Bangkok,On Time,217,6.77,364.35,0,12.1,2026-03-23 16:00:00,2026-03-23 18:00:00
FL-0492,Philippine Airlines,Davao,Singapore,On Time,118,4.29,117.19,120,17.25,2026-03-23 20:00:00,2026-03-23 22:00:00
FL-0493,Philippine Airlines,Iloilo,Bangkok,Delayed,107,6.37,419.48,0,16.71,2026-03-24 00:00:00,2026-03-24 02:00:00
FL-0494,Cebu Pacific,Clark,Singapore,On Time,128,7.43,140.72,30,15.95,2026-03-24 04:00:00,2026-03-24 06:00:00
FL-0495,Philippine Airlines,Iloilo,Seoul,Delayed,204,5.22,317.51,0,17.81,2026-03-24 08:00:00,2026-03-24 10:00:00
FL-0496,AirAsia,Cebu,Singapore,Delayed,92,2.68,246.33,30,10.19,2026-03-24 12:00:00,2026-03-24 14:00:00
FL-0497,AirAsia,Cebu,Singapore,On Time,115,3.25,372.71,0,6.69,2026-03-24 16:00:00,2026-03-24 18:00:00
FL-0498,PAL Express,Manila,Tokyo,Delayed,180,2.79,166.71,45,7.39,2026-03-24 20:00:00,2026-03-24 22:00:00
FL-0499,Philippine Airlines,Clark,Singapore,On Time,105,3.1,445.82,45,9.49,2026-03-25 00:00:00,2026-03-25 02:00:00
FL-0500,PAL Express,Iloilo,Tokyo,On Time,165,3.49,497.51,0,15.0,2026-03-25 04:00:00,2026-03-25 06:00:00
FL-0501,AirAsia,Davao,Hong Kong,On Time,83,5.11,181.68,0,21.81,2026-03-25 08:00:00,2026-03-25 10:00:00
FL-0502,Philippine Airlines,Cebu,Tokyo,On Time,161,5.32,152.16,0,19.03,2026-03-25 12:00:00,2026-03-25 14:00:00
FL-0503,Philippine Airlines,Cebu,Seoul,On Time,206,4.27,172.76,0,20.78,2026-03-25 16:00:00,2026-03-25 18:00:00
FL-0504,PAL Express,Davao,Tokyo,On Time,167,5.5,538.56,45,12.02,2026-03-25 20:00:00,2026-03-25 22:00:00
FL-0505,AirAsia,Iloilo,Hong Kong,On Time,206,2.03,364.09,0,13.09,2026-03-26 00:00:00,2026-03-26 02:00:00
FL-0506,Philippine Airlines,Iloilo,Seoul,On Time,199,2.07,333.63,0,12.87,2026-03-26 04:00:00,2026-03-26 06:00:00
FL-0507,PAL Express,Clark,Bangkok,On Time,101,2.62,153.36,0,8.84,2026-03-26 08:00:00,2026-03-26 10:00:00
FL-0508,AirAsia,Clark,Bangkok,Cancelled,209,4.87,424.78,30,6.22,2026-03-26 12:00:00,2026-03-26 14:00:00
FL-0509,PAL Express,Manila,Tokyo,Delayed,110,2.89,534.0,60,16.82,2026-03-26 16:00:00,2026-03-26 18:00:00
FL-0510,Cebu Pacific,Cebu,Tokyo,On Time,198,3.34,514.09,0,24.78,2026-03-26 20:00:00,2026-03-26 22:00:00
FL-0511,Philippine Airlines,Clark,Hong Kong,On Time,90,4.1,413.03,0,8.34,2026-03-27 00:00:00,2026-03-27 02:00:00
FL-0512,Cebu Pacific,Iloilo,Hong Kong,Delayed,125,6.78,137.64,0,5.93,2026-03-27 04:00:00,2026-03-27 06:00:00
FL-0513,AirAsia,Davao,Singapore,Delayed,175,1.59,156.2,0,20.59,2026-03-27 08:00:00,2026-03-27 10:00:00
FL-0514,Cebu Pacific,Iloilo,Hong Kong,Delayed,89,5.72,124.65,0,10.05,2026-03-27 12:00:00,2026-03-27 14:00:00
FL-0515,Cebu Pacific,Cebu,Singapore,On Time,207,5.85,228.74,0,21.59,2026-03-27 16:00:00,2026-03-27 18:00:00
FL-0516,AirAsia,Iloilo,Seoul,On Time,178,6.69,167.83,0,19.08,2026-03-27 20:00:00,2026-03-27 22:00:00
FL-0517,PAL Express,Manila,Tokyo,On Time,191,7.56,230.02,0,23.91,2026-03-28 00:00:00,2026-03-28 02:00:00
FL-0518,Cebu Pacific,Cebu,Seoul,On Time,139,1.63,292.53,0,13.18,2026-03-28 04:00:00,2026-03-28 06:00:00
FL-0519,PAL Express,Davao,Hong Kong,Delayed,166,2.5,571.49,0,18.24,2026-03-28 08:00:00,2026-03-28 10:00:00
FL-0520,Cebu Pacific,Manila,Seoul,Delayed,144,7.26,405.19,0,14.3,2026-03-28 12:00:00,2026-03-28 14:00:00
FL-0521,PAL Express,Cebu,Seoul,On Time,136,4.48,517.49,15,17.61,2026-03-28 16:00:00,2026-03-28 18:00:00
FL-0522,AirAsia,Davao,Seoul,Delayed,185,5.17,455.18,15,13.99,2026-03-28 20:00:00,2026-03-28 22:00:00
FL-0523,Cebu Pacific,Manila,Hong Kong,On Time,88,5.81,156.25,0,8.77,2026-03-29 00:00:00,2026-03-29 02:00:00
FL-0524,AirAsia,Manila,Seoul,On Time,101,5.91,467.96,0,15.16,2026-03-29 04:00:00,2026-03-29 06:00:00
FL-0525,Cebu Pacific,Cebu,Singapore,On Time,168,7.56,237.55,15,15.57,2026-03-29 08:00:00,2026-03-29 10:00:00
FL-0526,AirAsia,Clark,Hong Kong,Cancelled,97,7.98,419.55,60,21.21,2026-03-29 12:00:00,2026-03-29 14:00:00
FL-0527,AirAsia,Manila,Seoul,On Time,194,6.18,270.48,0,19.71,2026-03-29 16:00:00,2026-03-29 18:00:00
FL-0528,Cebu Pacific,Manila,Hong Kong,Cancelled,185,3.37,598.84,0,18.28,2026-03-29 20:00:00,2026-03-29 22:00:00
FL-0529,Cebu Pacific,Davao,Bangkok,Delayed,94,7.22,231.78,0,7.27,2026-03-30 00:00:00,2026-03-30 02:00:00
FL-0530,Cebu Pacific,Iloilo,Singapore,On Time,142,1.82,239.57,0,19.41,2026-03-30 04:00:00,2026-03-30 06:00:00
FL-0531,Philippine Airlines,Cebu,Seoul,On Time,92,3.0,565.34,0,15.01,2026-03-30 08:00:00,2026-03-30 10:00:00
FL-0532,PAL Express,Cebu,Bangkok,Delayed,160,7.33,112.32,0,22.88,2026-03-30 12:00:00,2026-03-30 14:00:00
FL-0533,Philippine Airlines,Clark,Bangkok,On Time,111,3.17,448.34,0,23.4,2026-03-30 16:00:00,2026-03-30 18:00:00
FL-0534,Philippine Airlines,Clark,Hong Kong,Cancelled,216,2.93,462.66,0,6.1,2026-03-30 20:00:00,2026-03-30 22:00:00
FL-0535,AirAsia,Cebu,Bangkok,Cancelled,119,2.4,518.19,0,21.41,2026-03-31 00:00:00,2026-03-31 02:00:00
FL-0536,Cebu Pacific,Clark,Singapore,On Time,161,7.08,587.22,0,5.75,2026-03-31 04:00:00,2026-03-31 06:00:00
FL-0537,PAL Express,Davao,Singapore,On Time,156,4.75,587.8,0,12.34,2026-03-31 08:00:00,2026-03-31 10:00:00
FL-0538,AirAsia,Cebu,Tokyo,Cancelled,155,5.89,132.64,0,15.85,2026-03-31 12:00:00,2026-03-31 14:00:00
FL-0539,Philippine Airlines,Clark,Singapore,On Time,117,3.05,510.92,0,7.96,2026-03-31 16:00:00,2026-03-31 18:00:00
FL-0540,Cebu Pacific,Cebu,Bangkok,On Time,150,6.43,423.15,45,19.93,2026-03-31 20:00:00,2026-03-31 22:00:00
FL-0541,AirAsia,Iloilo,Singapore,On Time,127,6.44,423.67,0,5.17,2026-04-01 00:00:00,2026-04-01 02:00:00
FL-0542,Cebu Pacific,Manila,Hong Kong,On Time,97,3.53,164.17,15,8.37,2026-04-01 04:00:00,2026-04-01 06:00:00
FL-0543,AirAsia,Cebu,Tokyo,Cancelled,118,4.17,425.09,45,16.62,2026-04-01 08:00:00,2026-04-01 10:00:00
FL-0544,Cebu Pacific,Manila,Bangkok,Delayed,168,2.86,591.24,0,19.29,2026-04-01 12:00:00,2026-04-01 14:00:00
FL-0545,Philippine Airlines,Clark,Tokyo,On Time,141,7.85,555.91,0,23.33,2026-04-01 16:00:00,2026-04-01 18:00:00
FL-0546,PAL Express,Manila,Bangkok,On Time,188,5.7,319.57,0,19.11,2026-04-01 20:00:00,2026-04-01 22:00:00
FL-0547,Philippine Airlines,Cebu,Hong Kong,On Time,160,7.57,119.97,45,18.44,2026-04-02 00:00:00,2026-04-02 02:00:00
FL-0548,PAL Express,Iloilo,Tokyo,Delayed,213,3.47,281.15,60,12.89,2026-04-02 04:00:00,2026-04-02 06:00:00
FL-0549,Cebu Pacific,Clark,Seoul,On Time,156,6.58,513.2,15,5.03,2026-04-02 08:00:00,2026-04-02 10:00:00
FL-0550,AirAsia,Cebu,Bangkok,On Time,169,6.48,450.75,0,7.4,2026-04-02 12:00:00,2026-04-02 14:00:00
FL-0551,Philippine Airlines,Clark,Seoul,On Time,93,6.0,329.67,0,15.69,2026-04-02 16:00:00,2026-04-02 18:00:00
FL-0552,PAL Express,Davao,Tokyo,On Time,174,7.78,127.55,0,18.5,2026-04-02 20:00:00,2026-04-02 22:00:00
FL-0553,Philippine Airlines,Manila,Seoul,Cancelled,133,4.06,313.45,0,13.35,2026-04-03 00:00:00,2026-04-03 02:00:00
FL-0554,PAL Express,Davao,Seoul,On Time,211,2.35,334.51,0,19.61,2026-04-03 04:00:00,2026-04-03 06:00:00
FL-0555,Philippine Airlines,Cebu,Tokyo,On Time,118,5.87,564.28,0,15.44,2026-04-03 08:00:00,2026-04-03 10:00:00
FL-0556,PAL Express,Iloilo,Hong Kong,On Time,151,6.24,420.54,15,6.48,2026-04-03 12:00:00,2026-04-03 14:00:00
FL-0557,PAL Express,Clark,Seoul,Cancelled,104,5.24,255.83,0,8.84,2026-04-03 16:00:00,2026-04-03 18:00:00
FL-0558,Cebu Pacific,Manila,Seoul,On Time,156,2.84,362.66,0,21.8,2026-04-03 20:00:00,2026-04-03 22:00:00
FL-0559,PAL Express,Clark,Hong Kong,On Time,199,4.78,133.03,0,19.5,2026-04-04 00:00:00,2026-04-04 02:00:00
FL-0560,Cebu Pacific,Cebu,Seoul,On Time,132,3.53,586.28,30,22.9,2026-04-04 04:00:00,2026-04-04 06:00:00
FL-0561,PAL Express,Clark,Seoul,Delayed,210,4.28,280.03,15,7.35,2026-04-04 08:00:00,2026-04-04 10:00:00
FL-0562,AirAsia,Manila,Seoul,On Time,175,5.69,338.93,0,24.8,2026-04-04 12:00:00,2026-04-04 14:00:00
FL-0563,AirAsia,Cebu,Singapore,On Time,151,6.34,277.64,0,9.19,2026-04-04 16:00:00,2026-04-04 18:00:00
FL-0564,AirAsia,Clark,Hong Kong,On Time,141,3.01,441.26,0,5.24,2026-04-04 20:00:00,2026-04-04 22:00:00
FL-0565,PAL Express,Iloilo,Seoul,Delayed,85,4.13,431.12,45,24.95,2026-04-05 00:00:00,2026-04-05 02:00:00
FL-0566,Cebu Pacific,Cebu,Hong Kong,On Time,111,3.25,457.66,0,10.62,2026-04-05 04:00:00,2026-04-05 06:00:00
FL-0567,Cebu Pacific,Cebu,Bangkok,Delayed,178,2.79,234.07,0,18.36,2026-04-05 08:00:00,2026-04-05 10:00:00
FL-0568,PAL Express,Iloilo,Bangkok,On Time,217,6.59,257.83,0,8.53,2026-04-05 12:00:00,2026-04-05 14:00:00
FL-0569,AirAsia,Davao,Seoul,On Time,210,7.41,162.63,0,16.6,2026-04-05 16:00:00,2026-04-05 18:00:00
FL-0570,AirAsia,Manila,Hong Kong,On Time,155,3.91,427.75,30,23.08,2026-04-05 20:00:00,2026-04-05 22:00:00
FL-0571,Cebu Pacific,Davao,Hong Kong,Delayed,138,6.38,119.9,0,11.4,2026-04-06 00:00:00,2026-04-06 02:00:00
FL-0572,AirAsia,Clark,Hong Kong,On Time,110,7.33,398.84,0,18.41,2026-04-06 04:00:00,2026-04-06 06:00:00
FL-0573,Philippine Airlines,Iloilo,Singapore,Delayed,172,7.0,534.85,0,8.76,2026-04-06 08:00:00,2026-04-06 10:00:00
FL-0574,Cebu Pacific,Davao,Bangkok,Delayed,148,2.69,545.42,0,17.5,2026-04-06 12:00:00,2026-04-06 14:00:00
FL-0575,AirAsia,Cebu,Hong Kong,On Time,131,7.72,324.52,45,11.73,2026-04-06 16:00:00,2026-04-06 18:00:00
FL-0576,Cebu Pacific,Clark,Hong Kong,Delayed,168,3.95,329.65,0,9.22,2026-04-06 20:00:00,2026-04-06 22:00:00
FL-0577,Philippine Airlines,Clark,Singapore,Delayed,206,3.71,138.48,30,11.26,2026-04-07 00:00:00,2026-04-07 02:00:00
FL-0578,Cebu Pacific,Davao,Singapore,On Time,110,1.91,435.38,15,8.58,2026-04-07 04:00:00,2026-04-07 06:00:00
FL-0579,Cebu Pacific,Davao,Hong Kong,On Time,163,4.66,510.63,0,23.04,2026-04-07 08:00:00,2026-04-07 10:00:00
FL-0580,Cebu Pacific,Iloilo,Tokyo,Cancelled,206,2.21,222.33,0,12.94,2026-04-07 12:00:00,2026-04-07 14:00:00
FL-0581,Cebu Pacific,Manila,Hong Kong,On Time,211,3.12,310.65,0,9.91,2026-04-07 16:00:00,2026-04-07 18:00:00
FL-0582,Philippine Airlines,Davao,Hong Kong,Delayed,92,3.56,519.42,15,13.97,2026-04-07 20:00:00,2026-04-07 22:00:00
FL-0583,PAL Express,Davao,Singapore,Cancelled,124,6.76,538.56,0,11.41,2026-04-08 00:00:00,2026-04-08 02:00:00
FL-0584,Cebu Pacific,Cebu,Singapore,On Time,206,7.19,221.59,0,19.89,2026-04-08 04:00:00,2026-04-08 06:00:00
FL-0585,Cebu Pacific,Clark,Hong Kong,On Time,193,3.47,375.29,0,24.42,2026-04-08 08:00:00,2026-04-08 10:00:00
FL-0586,AirAsia,Manila,Hong Kong,On Time,99,7.08,196.25,15,13.76,2026-04-08 12:00:00,2026-04-08 14:00:00
FL-0587,Cebu Pacific,Cebu,Hong Kong,On Time,160,7.07,150.94,0,22.22,2026-04-08 16:00:00,2026-04-08 18:00:00
FL-0588,AirAsia,Iloilo,Singapore,On Time,208,6.47,555.56,0,16.32,2026-04-08 20:00:00,2026-04-08 22:00:00
FL-0589,PAL Express,Iloilo,Hong Kong,On Time,96,2.45,510.25,0,8.14,2026-04-09 00:00:00,2026-04-09 02:00:00
FL-0590,Philippine Airlines,Davao,Hong Kong,On Time,137,5.99,480.02,0,18.81,2026-04-09 04:00:00,2026-04-09 06:00:00
FL-0591,Philippine Airlines,Davao,Seoul,Delayed,151,7.64,124.38,30,15.27,2026-04-09 08:00:00,2026-04-09 10:00:00
FL-0592,PAL Express,Iloilo,Tokyo,Delayed,188,5.94,521.86,0,18.01,2026-04-09 12:00:00,2026-04-09 14:00:00
FL-0593,Philippine Airlines,Davao,Bangkok,On Time,102,3.66,319.02,30,22.79,2026-04-09 16:00:00,2026-04-09 18:00:00
FL-0594,PAL Express,Manila,Tokyo,On Time,151,4.75,271.2,0,13.81,2026-04-09 20:00:00,2026-04-09 22:00:00
FL-0595,PAL Express,Davao,Seoul,On Time,87,5.7,373.24,0,23.02,2026-04-10 00:00:00,2026-04-10 02:00:00
FL-0596,PAL Express,Clark,Bangkok,On Time,138,4.82,145.68,0,20.01,2026-04-10 04:00:00,2026-04-10 06:00:00
FL-0597,Philippine Airlines,Davao,Hong Kong,Cancelled,190,2.28,478.32,0,14.77,2026-04-10 08:00:00,2026-04-10 10:00:00
FL-0598,AirAsia,Cebu,Seoul,Delayed,92,3.53,391.22,0,17.06,2026-04-10 12:00:00,2026-04-10 14:00:00
FL-0599,PAL Express,Manila,Hong Kong,Delayed,95,6.72,193.3,0,11.51,2026-04-10 16:00:00,2026-04-10 18:00:00
FL-0600,Cebu Pacific,Cebu,Singapore,Cancelled,198,7.1,194.12,0,24.67,2026-04-10 20:00:00,2026-04-10 22:00:00
FL-0601,Philippine Airlines,Cebu,Seoul,On Time,81,2.39,192.12,0,18.35,2026-04-11 00:00:00,2026-04-11 02:00:00
FL-0602,PAL Express,Clark,Singapore,Delayed,109,7.69,128.5,0,5.88,2026-04-11 04:00:00,2026-04-11 06:00:00
FL-0603,PAL Express,Manila,Seoul,On Time,182,3.64,393.9,45,11.53,2026-04-11 08:00:00,2026-04-11 10:00:00
FL-0604,Cebu Pacific,Manila,Seoul,Cancelled,92,5.81,520.17,0,17.47,2026-04-11 12:00:00,2026-04-11 14:00:00
FL-0605,AirAsia,Manila,Singapore,On Time,175,6.39,108.75,0,6.13,2026-04-11 16:00:00,2026-04-11 18:00:00
FL-0606,AirAsia,Manila,Bangkok,Delayed,173,6.78,124.5,0,5.48,2026-04-11 20:00:00,2026-04-11 22:00:00
FL-0607,AirAsia,Manila,Tokyo,Delayed,161,7.65,386.39,15,14.0,2026-04-12 00:00:00,2026-04-12 02:00:00
FL-0608,PAL Express,Clark,Hong Kong,On Time,92,3.53,509.75,15,11.65,2026-04-12 04:00:00,2026-04-12 06:00:00
FL-0609,PAL Express,Davao,Seoul,On Time,173,7.08,263.37,0,13.77,2026-04-12 08:00:00,2026-04-12 10:00:00
FL-0610,PAL Express,Cebu,Hong Kong,Delayed,191,2.36,274.81,45,10.25,2026-04-12 12:00:00,2026-04-12 14:00:00
FL-0611,Philippine Airlines,Manila,Singapore,On Time,134,6.08,398.17,0,8.29,2026-04-12 16:00:00,2026-04-12 18:00:00
FL-0612,Cebu Pacific,Davao,Hong Kong,On Time,160,6.32,237.11,0,18.78,2026-04-12 20:00:00,2026-04-12 22:00:00
FL-0613,PAL Express,Davao,Singapore,On Time,195,5.91,113.3,45,15.29,2026-04-13 00:00:00,2026-04-13 02:00:00
FL-0614,Cebu Pacific,Cebu,Hong Kong,On Time,187,3.14,467.61,45,9.0,2026-04-13 04:00:00,2026-04-13 06:00:00
FL-0615,Cebu Pacific,Clark,Tokyo,Delayed,132,7.17,412.82,0,11.39,2026-04-13 08:00:00,2026-04-13 10:00:00
FL-0616,AirAsia,Iloilo,Tokyo,On Time,207,2.6,390.38,30,16.84,2026-04-13 12:00:00,2026-04-13 14:00:00
FL-0617,Philippine Airlines,Iloilo,Tokyo,On Time,136,1.85,470.84,0,6.44,2026-04-13 16:00:00,2026-04-13 18:00:00
FL-0618,PAL Express,Davao,Tokyo,On Time,131,6.16,437.62,30,7.95,2026-04-13 20:00:00,2026-04-13 22:00:00
FL-0619,AirAsia,Cebu,Tokyo,On Time,216,4.59,202.94,0,6.46,2026-04-14 00:00:00,2026-04-14 02:00:00
FL-0620,AirAsia,Iloilo,Tokyo,On Time,190,7.02,276.24,0,21.25,2026-04-14 04:00:00,2026-04-14 06:00:00
FL-0621,PAL Express,Davao,Singapore,On Time,80,3.99,163.06,0,20.05,2026-04-14 08:00:00,2026-04-14 10:00:00
FL-0622,Cebu Pacific,Clark,Seoul,On Time,123,2.59,164.93,0,20.07,2026-04-14 12:00:00,2026-04-14 14:00:00
FL-0623,AirAsia,Iloilo,Hong Kong,On Time,154,6.94,438.1,0,19.33,2026-04-14 16:00:00,2026-04-14 18:00:00
FL-0624,Cebu Pacific,Davao,Tokyo,Delayed,177,5.07,529.3,0,18.39,2026-04-14 20:00:00,2026-04-14 22:00:00
FL-0625,Philippine Airlines,Davao,Singapore,On Time,88,2.73,581.37,0,14.54,2026-04-15 00:00:00,2026-04-15 02:00:00
FL-0626,Cebu Pacific,Manila,Singapore,On Time,111,6.18,414.17,0,17.85,2026-04-15 04:00:00,2026-04-15 06:00:00
FL-0627,Philippine Airlines,Clark,Singapore,On Time,94,4.82,192.05,0,5.77,2026-04-15 08:00:00,2026-04-15 10:00:00
FL-0628,Cebu Pacific,Manila,Seoul,On Time,219,5.43,152.83,0,17.43,2026-04-15 12:00:00,2026-04-15 14:00:00
FL-0629,AirAsia,Cebu,Hong Kong,On Time,215,4.5,506.43,0,20.56,2026-04-15 16:00:00,2026-04-15 18:00:00
FL-0630,AirAsia,Manila,Seoul,On Time,151,6.89,389.38,15,15.01,2026-04-15 20:00:00,2026-04-15 22:00:00
FL-0631,Philippine Airlines,Manila,Bangkok,Delayed,91,6.89,409.14,45,12.15,2026-04-16 00:00:00,2026-04-16 02:00:00
FL-0632,PAL Express,Iloilo,Singapore,On Time,144,6.11,490.73,15,10.55,2026-04-16 04:00:00,2026-04-16 06:00:00
FL-0633,Philippine Airlines,Davao,Bangkok,On Time,186,2.19,451.64,0,17.86,2026-04-16 08:00:00,2026-04-16 10:00:00
FL-0634,Philippine Airlines,Clark,Tokyo,Delayed,121,6.95,517.23,15,18.86,2026-04-16 12:00:00,2026-04-16 14:00:00
FL-0635,Cebu Pacific,Manila,Tokyo,On Time,194,5.86,128.11,0,22.42,2026-04-16 16:00:00,2026-04-16 18:00:00
FL-0636,Cebu Pacific,Clark,Seoul,On Time,218,6.03,473.76,0,11.85,2026-04-16 20:00:00,2026-04-16 22:00:00
FL-0637,Philippine Airlines,Manila,Hong Kong,On Time,182,3.86,525.43,0,20.4,2026-04-17 00:00:00,2026-04-17 02:00:00
FL-0638,AirAsia,Cebu,Bangkok,On Time,174,7.22,243.07,30,16.23,2026-04-17 04:00:00,2026-04-17 06:00:00
FL-0639,Cebu Pacific,Manila,Hong Kong,Delayed,96,6.21,420.22,0,22.66,2026-04-17 08:00:00,2026-04-17 10:00:00
FL-0640,PAL Express,Iloilo,Seoul,Delayed,164,2.23,257.08,0,15.56,2026-04-17 12:00:00,2026-04-17 14:00:00
FL-0641,Cebu Pacific,Davao,Tokyo,Cancelled,135,4.15,578.99,0,15.35,2026-04-17 16:00:00,2026-04-17 18:00:00
FL-0642,Cebu Pacific,Cebu,Hong Kong,On Time,213,7.26,116.71,30,16.56,2026-04-17 20:00:00,2026-04-17 22:00:00
FL-0643,PAL Express,Manila,Hong Kong,On Time,165,1.81,389.9,0,19.99,2026-04-18 00:00:00,2026-04-18 02:00:00
FL-0644,Philippine Airlines,Clark,Tokyo,On Time,181,7.75,183.25,0,24.29,2026-04-18 04:00:00,2026-04-18 06:00:00
FL-0645,PAL Express,Cebu,Bangkok,On Time,133,5.91,456.11,0,6.47,2026-04-18 08:00:00,2026-04-18 10:00:00
FL-0646,Philippine Airlines,Cebu,Tokyo,On Time,194,5.6,187.95,0,6.07,2026-04-18 12:00:00,2026-04-18 14:00:00
FL-0647,Philippine Airlines,Manila,Hong Kong,Cancelled,218,3.26,217.69,0,23.75,2026-04-18 16:00:00,2026-04-18 18:00:00
FL-0648,Philippine Airlines,Cebu,Bangkok,On Time,167,3.12,347.19,0,15.6,2026-04-18 20:00:00,2026-04-18 22:00:00
FL-0649,PAL Express,Clark,Bangkok,On Time,128,7.62,557.42,30,17.3,2026-04-19 00:00:00,2026-04-19 02:00:00
FL-0650,Philippine Airlines,Cebu,Tokyo,On Time,194,3.44,205.86,0,14.65,2026-04-19 04:00:00,2026-04-19 06:00:00
FL-0651,AirAsia,Clark,Hong Kong,On Time,142,6.54,172.12,0,6.87,2026-04-19 08:00:00,2026-04-19 10:00:00
FL-0652,PAL Express,Manila,Seoul,On Time,183,4.06,479.49,0,20.36,2026-04-19 12:00:00,2026-04-19 14:00:00
FL-0653,AirAsia,Davao,Hong Kong,Delayed,162,2.41,350.31,0,19.94,2026-04-19 16:00:00,2026-04-19 18:00:00
FL-0654,Philippine Airlines,Cebu,Singapore,On Time,182,1.57,555.89,0,11.23,2026-04-19 20:00:00,2026-04-19 22:00:00
FL-0655,Cebu Pacific,Davao,Seoul,Delayed,96,5.04,173.31,0,11.12,2026-04-20 00:00:00,2026-04-20 02:00:00
FL-0656,Philippine Airlines,Clark,Bangkok,On Time,85,7.84,422.96,0,21.76,2026-04-20 04:00:00,2026-04-20 06:00:00
FL-0657,AirAsia,Cebu,Seoul,Delayed,107,3.9,216.44,15,6.45,2026-04-20 08:00:00,2026-04-20 10:00:00
FL-0658,AirAsia,Iloilo,Bangkok,Delayed,117,3.82,178.38,0,22.62,2026-04-20 12:00:00,2026-04-20 14:00:00
FL-0659,PAL Express,Davao,Bangkok,On Time,198,3.74,441.71,0,10.13,2026-04-20 16:00:00,2026-04-20 18:00:00
FL-0660,Cebu Pacific,Cebu,Seoul,On Time,116,4.88,396.84,30,16.86,2026-04-20 20:00:00,2026-04-20 22:00:00
FL-0661,PAL Express,Davao,Bangkok,Cancelled,194,4.36,477.41,0,23.72,2026-04-21 00:00:00,2026-04-21 02:00:00
FL-0662,AirAsia,Cebu,Bangkok,On Time,147,7.22,254.73,15,18.56,2026-04-21 04:00:00,2026-04-21 06:00:00
FL-0663,Philippine Airlines,Manila,Singapore,Cancelled,122,4.79,323.99,0,13.29,2026-04-21 08:00:00,2026-04-21 10:00:00
FL-0664,Cebu Pacific,Davao,Hong Kong,On Time,137,4.8,302.74,0,18.79,2026-04-21 12:00:00,2026-04-21 14:00:00
FL-0665,Philippine Airlines,Iloilo,Hong Kong,On Time,92,2.4,592.04,30,11.88,2026-04-21 16:00:00,2026-04-21 18:00:00
FL-0666,Philippine Airlines,Iloilo,Singapore,Delayed,131,7.89,246.12,0,10.55,2026-04-21 20:00:00,2026-04-21 22:00:00
FL-0667,Cebu Pacific,Clark,Seoul,Cancelled,137,3.12,247.41,0,24.93,2026-04-22 00:00:00,2026-04-22 02:00:00
FL-0668,PAL Express,Cebu,Tokyo,On Time,111,1.98,277.27,15,20.02,2026-04-22 04:00:00,2026-04-22 06:00:00
FL-0669,Philippine Airlines,Davao,Tokyo,Delayed,184,5.81,382.3,0,17.89,2026-04-22 08:00:00,2026-04-22 10:00:00
FL-0670,AirAsia,Clark,Tokyo,On Time,162,5.37,226.16,0,12.11,2026-04-22 12:00:00,2026-04-22 14:00:00
FL-0671,Philippine Airlines,Davao,Singapore,On Time,178,4.2,557.64,0,5.98,2026-04-22 16:00:00,2026-04-22 18:00:00
FL-0672,Cebu Pacific,Cebu,Singapore,On Time,183,4.24,232.84,30,5.62,2026-04-22 20:00:00,2026-04-22 22:00:00
FL-0673,Cebu Pacific,Iloilo,Bangkok,On Time,107,6.6,547.91,45,16.08,2026-04-23 00:00:00,2026-04-23 02:00:00
FL-0674,Cebu Pacific,Manila,Tokyo,Cancelled,208,2.77,151.74,0,20.24,2026-04-23 04:00:00,2026-04-23 06:00:00
FL-0675,PAL Express,Iloilo,Seoul,On Time,127,6.83,428.28,0,15.75,2026-04-23 08:00:00,2026-04-23 10:00:00
FL-0676,Philippine Airlines,Clark,Seoul,On Time,119,5.72,553.49,45,21.82,2026-04-23 12:00:00,2026-04-23 14:00:00
FL-0677,PAL Express,Manila,Tokyo,On Time,176,4.22,184.37,0,5.67,2026-04-23 16:00:00,2026-04-23 18:00:00
FL-0678,PAL Express,Clark,Tokyo,On Time,193,4.48,584.16,0,12.34,2026-04-23 20:00:00,2026-04-23 22:00:00
FL-0679,Cebu Pacific,Cebu,Tokyo,On Time,211,3.17,326.44,15,9.74,2026-04-24 00:00:00,2026-04-24 02:00:00
FL-0680,Cebu Pacific,Manila,Singapore,Delayed,216,6.39,572.86,30,13.95,2026-04-24 04:00:00,2026-04-24 06:00:00
FL-0681,PAL Express,Clark,Singapore,On Time,190,4.83,438.41,30,6.45,2026-04-24 08:00:00,2026-04-24 10:00:00
FL-0682,Philippine Airlines,Cebu,Singapore,Cancelled,155,3.59,250.79,0,24.08,2026-04-24 12:00:00,2026-04-24 14:00:00
FL-0683,AirAsia,Iloilo,Hong Kong,Cancelled,110,5.37,194.15,0,9.47,2026-04-24 16:00:00,2026-04-24 18:00:00
FL-0684,PAL Express,Cebu,Seoul,On Time,198,7.97,251.87,0,23.45,2026-04-24 20:00:00,2026-04-24 22:00:00
FL-0685,Philippine Airlines,Davao,Seoul,Cancelled,104,4.33,146.51,0,13.52,2026-04-25 00:00:00,2026-04-25 02:00:00
FL-0686,Cebu Pacific,Cebu,Bangkok,Delayed,113,7.48,171.93,0,24.71,2026-04-25 04:00:00,2026-04-25 06:00:00
FL-0687,Cebu Pacific,Cebu,Singapore,On Time,146,3.74,152.33,15,16.08,2026-04-25 08:00:00,2026-04-25 10:00:00
FL-0688,Philippine Airlines,Davao,Hong Kong,On Time,197,1.86,311.47,0,23.62,2026-04-25 12:00:00,2026-04-25 14:00:00
FL-0689,AirAsia,Clark,Hong Kong,On Time,152,2.83,497.79,30,5.11,2026-04-25 16:00:00,2026-04-25 18:00:00
FL-0690,Cebu Pacific,Clark,Seoul,On Time,105,4.22,170.69,0,19.96,2026-04-25 20:00:00,2026-04-25 22:00:00
FL-0691,Cebu Pacific,Cebu,Singapore,Delayed,183,2.93,165.16,0,23.06,2026-04-26 00:00:00,2026-04-26 02:00:00
FL-0692,Cebu Pacific,Davao,Bangkok,On Time,89,1.5,421.71,0,7.79,2026-04-26 04:00:00,2026-04-26 06:00:00
FL-0693,Philippine Airlines,Davao,Singapore,Delayed,146,7.45,198.59,0,6.92,2026-04-26 08:00:00,2026-04-26 10:00:00
FL-0694,PAL Express,Iloilo,Tokyo,On Time,84,6.99,148.81,0,13.49,2026-04-26 12:00:00,2026-04-26 14:00:00
FL-0695,Cebu Pacific,Clark,Singapore,On Time,106,6.32,183.42,60,23.67,2026-04-26 16:00:00,2026-04-26 18:00:00
FL-0696,PAL Express,Manila,Tokyo,Cancelled,192,2.59,561.87,30,15.85,2026-04-26 20:00:00,2026-04-26 22:00:00
FL-0697,AirAsia,Clark,Tokyo,On Time,94,2.28,510.74,0,15.55,2026-04-27 00:00:00,2026-04-27 02:00:00
FL-0698,Cebu Pacific,Clark,Bangkok,On Time,184,1.94,277.03,0,7.82,2026-04-27 04:00:00,2026-04-27 06:00:00
FL-0699,Cebu Pacific,Iloilo,Seoul,On Time,123,6.21,427.91,45,5.02,2026-04-27 08:00:00,2026-04-27 10:00:00
FL-0700,AirAsia,Manila,Singapore,On Time,105,7.54,368.64,0,21.2,2026-04-27 12:00:00,2026-04-27 14:00:00
FL-0701,Cebu Pacific,Iloilo,Tokyo,On Time,174,4.3,438.56,0,6.75,2026-04-27 16:00:00,2026-04-27 18:00:00
FL-0702,PAL Express,Manila,Singapore,On Time,163,2.27,441.34,0,17.68,2026-04-27 20:00:00,2026-04-27 22:00:00
FL-0703,Philippine Airlines,Cebu,Seoul,On Time,219,4.83,414.37,60,23.29,2026-04-28 00:00:00,2026-04-28 02:00:00
FL-0704,PAL Express,Manila,Seoul,Cancelled,211,3.77,233.05,0,9.17,2026-04-28 04:00:00,2026-04-28 06:00:00
FL-0705,Philippine Airlines,Iloilo,Hong Kong,On Time,166,3.94,119.5,0,18.31,2026-04-28 08:00:00,2026-04-28 10:00:00
FL-0706,Philippine Airlines,Clark,Seoul,On Time,191,5.54,327.78,45,6.57,2026-04-28 12:00:00,2026-04-28 14:00:00
FL-0707,PAL Express,Manila,Bangkok,On Time,208,6.17,545.49,0,17.08,2026-04-28 16:00:00,2026-04-28 18:00:00
FL-0708,PAL Express,Manila,Tokyo,Cancelled,168,2.22,384.75,0,8.28,2026-04-28 20:00:00,2026-04-28 22:00:00
FL-0709,PAL Express,Davao,Hong Kong,On Time,145,1.73,516.2,0,19.72,2026-04-29 00:00:00,2026-04-29 02:00:00
FL-0710,PAL Express,Clark,Bangkok,On Time,210,7.96,595.81,30,11.02,2026-04-29 04:00:00,2026-04-29 06:00:00
FL-0711,AirAsia,Cebu,Singapore,On Time,201,3.01,181.81,0,14.27,2026-04-29 08:00:00,2026-04-29 10:00:00
FL-0712,Cebu Pacific,Iloilo,Tokyo,On Time,163,1.85,445.89,120,16.99,2026-04-29 12:00:00,2026-04-29 14:00:00
FL-0713,Philippine Airlines,Cebu,Seoul,Delayed,195,2.73,437.15,0,8.43,2026-04-29 16:00:00,2026-04-29 18:00:00
FL-0714,PAL Express,Clark,Tokyo,Delayed,195,1.75,589.98,0,19.83,2026-04-29 20:00:00,2026-04-29 22:00:00
FL-0715,PAL Express,Manila,Singapore,On Time,117,4.05,592.8,120,11.05,2026-04-30 00:00:00,2026-04-30 02:00:00
FL-0716,PAL Express,Manila,Hong Kong,On Time,189,6.72,443.34,0,18.25,2026-04-30 04:00:00,2026-04-30 06:00:00
FL-0717,AirAsia,Clark,Hong Kong,On Time,125,3.72,221.81,0,8.17,2026-04-30 08:00:00,2026-04-30 10:00:00
FL-0718,PAL Express,Manila,Hong Kong,Cancelled,104,4.39,499.28,0,18.76,2026-04-30 12:00:00,2026-04-30 14:00:00
FL-0719,PAL Express,Manila,Seoul,Cancelled,100,5.89,153.51,0,7.56,2026-04-30 16:00:00,2026-04-30 18:00:00
FL-0720,PAL Express,Manila,Bangkok,On Time,200,4.81,490.35,0,13.51,2026-04-30 20:00:00,2026-04-30 22:00:00
FL-0721,Cebu Pacific,Iloilo,Bangkok,Delayed,201,7.1,555.1,0,9.94,2026-05-01 00:00:00,2026-05-01 02:00:00
FL-0722,AirAsia,Iloilo,Tokyo,Delayed,212,7.13,291.42,0,19.97,2026-05-01 04:00:00,2026-05-01 06:00:00
FL-0723,PAL Express,Davao,Seoul,On Time,149,1.56,415.32,30,10.24,2026-05-01 08:00:00,2026-05-01 10:00:00
FL-0724,Philippine Airlines,Cebu,Hong Kong,On Time,192,6.56,315.07,0,22.63,2026-05-01 12:00:00,2026-05-01 14:00:00
FL-0725,Philippine Airlines,Clark,Hong Kong,On Time,186,4.49,318.88,120,22.84,2026-05-01 16:00:00,2026-05-01 18:00:00
FL-0726,Philippine Airlines,Clark,Singapore,Delayed,191,7.93,255.19,0,8.93,2026-05-01 20:00:00,2026-05-01 22:00:00
FL-0727,AirAsia,Clark,Singapore,Cancelled,187,4.64,481.06,0,17.28,2026-05-02 00:00:00,2026-05-02 02:00:00
FL-0728,AirAsia,Davao,Hong Kong,Delayed,126,7.91,568.09,0,6.75,2026-05-02 04:00:00,2026-05-02 06:00:00
FL-0729,Philippine Airlines,Iloilo,Hong Kong,Delayed,170,6.4,570.38,0,12.83,2026-05-02 08:00:00,2026-05-02 10:00:00
FL-0730,PAL Express,Davao,Seoul,On Time,97,3.12,187.39,0,19.27,2026-05-02 12:00:00,2026-05-02 14:00:00
FL-0731,AirAsia,Clark,Bangkok,Delayed,183,5.0,537.37,15,18.19,2026-05-02 16:00:00,2026-05-02 18:00:00
FL-0732,Philippine Airlines,Cebu,Singapore,Delayed,119,7.95,468.72,45,17.49,2026-05-02 20:00:00,2026-05-02 22:00:00
FL-0733,Philippine Airlines,Manila,Bangkok,On Time,217,7.07,226.42,60,10.65,2026-05-03 00:00:00,2026-05-03 02:00:00
FL-0734,PAL Express,Iloilo,Seoul,On Time,168,2.13,133.64,0,12.56,2026-05-03 04:00:00,2026-05-03 06:00:00
FL-0735,Cebu Pacific,Iloilo,Hong Kong,Delayed,140,6.09,234.0,45,7.06,2026-05-03 08:00:00,2026-05-03 10:00:00
FL-0736,AirAsia,Davao,Bangkok,On Time,84,3.75,556.1,0,19.38,2026-05-03 12:00:00,2026-05-03 14:00:00
FL-0737,PAL Express,Iloilo,Hong Kong,Delayed,201,1.55,416.59,0,15.08,2026-05-03 16:00:00,2026-05-03 18:00:00
FL-0738,Philippine Airlines,Clark,Hong Kong,On Time,134,4.12,460.53,30,19.18,2026-05-03 20:00:00,2026-05-03 22:00:00
FL-0739,Philippine Airlines,Clark,Tokyo,On Time,116,3.03,228.58,0,9.98,2026-05-04 00:00:00,2026-05-04 02:00:00
FL-0740,PAL Express,Davao,Bangkok,Delayed,135,6.82,459.69,0,11.49,2026-05-04 04:00:00,2026-05-04 06:00:00
FL-0741,AirAsia,Clark,Bangkok,On Time,181,3.69,114.06,0,11.68,2026-05-04 08:00:00,2026-05-04 10:00:00
FL-0742,Cebu Pacific,Cebu,Hong Kong,On Time,172,6.88,287.66,0,5.51,2026-05-04 12:00:00,2026-05-04 14:00:00
FL-0743,Cebu Pacific,Davao,Seoul,On Time,152,1.5,413.38,15,11.82,2026-05-04 16:00:00,2026-05-04 18:00:00
FL-0744,Philippine Airlines,Cebu,Tokyo,Delayed,138,3.5,173.05,0,21.07,2026-05-04 20:00:00,2026-05-04 22:00:00
FL-0745,AirAsia,Manila,Hong Kong,On Time,81,3.07,511.5,120,22.95,2026-05-05 00:00:00,2026-05-05 02:00:00
FL-0746,Cebu Pacific,Cebu,Singapore,Cancelled,183,3.02,217.52,0,15.36,2026-05-05 04:00:00,2026-05-05 06:00:00
FL-0747,AirAsia,Manila,Singapore,On Time,130,1.94,426.14,0,14.11,2026-05-05 08:00:00,2026-05-05 10:00:00
FL-0748,AirAsia,Manila,Tokyo,Cancelled,109,2.72,302.6,0,5.62,2026-05-05 12:00:00,2026-05-05 14:00:00
FL-0749,Philippine Airlines,Cebu,Seoul,Cancelled,90,5.11,398.02,0,22.58,2026-05-05 16:00:00,2026-05-05 18:00:00
FL-0750,Cebu Pacific,Davao,Hong Kong,On Time,187,3.39,153.73,0,5.26,2026-05-05 20:00:00,2026-05-05 22:00:00
FL-0751,PAL Express,Clark,Bangkok,On Time,155,4.21,108.46,15,23.9,2026-05-06 00:00:00,2026-05-06 02:00:00
FL-0752,Philippine Airlines,Clark,Tokyo,On Time,169,3.95,554.78,30,14.78,2026-05-06 04:00:00,2026-05-06 06:00:00
FL-0753,Cebu Pacific,Manila,Seoul,On Time,202,7.19,234.82,45,11.84,2026-05-06 08:00:00,2026-05-06 10:00:00
FL-0754,Cebu Pacific,Manila,Bangkok,On Time,204,7.38,509.84,30,23.48,2026-05-06 12:00:00,2026-05-06 14:00:00
FL-0755,Cebu Pacific,Davao,Singapore,On Time,201,4.7,599.68,30,5.49,2026-05-06 16:00:00,2026-05-06 18:00:00
FL-0756,Cebu Pacific,Iloilo,Singapore,On Time,173,3.65,205.72,0,16.63,2026-05-06 20:00:00,2026-05-06 22:00:00
FL-0757,Cebu Pacific,Cebu,Bangkok,On Time,182,2.19,232.59,30,15.98,2026-05-07 00:00:00,2026-05-07 02:00:00
FL-0758,AirAsia,Manila,Tokyo,On Time,110,7.7,431.43,0,9.39,2026-05-07 04:00:00,2026-05-07 06:00:00
FL-0759,Philippine Airlines,Clark,Singapore,On Time,131,1.89,582.72,0,13.58,2026-05-07 08:00:00,2026-05-07 10:00:00
FL-0760,AirAsia,Davao,Hong Kong,Cancelled,168,3.43,557.91,0,18.05,2026-05-07 12:00:00,2026-05-07 14:00:00
FL-0761,PAL Express,Cebu,Bangkok,On Time,155,3.44,351.44,0,19.54,2026-05-07 16:00:00,2026-05-07 18:00:00
FL-0762,Cebu Pacific,Davao,Bangkok,On Time,208,3.58,497.56,0,5.01,2026-05-07 20:00:00,2026-05-07 22:00:00
FL-0763,Philippine Airlines,Cebu,Singapore,On Time,101,2.57,167.87,60,23.74,2026-05-08 00:00:00,2026-05-08 02:00:00
FL-0764,Cebu Pacific,Cebu,Tokyo,Delayed,119,6.59,588.72,0,8.29,2026-05-08 04:00:00,2026-05-08 06:00:00
FL-0765,Philippine Airlines,Manila,Hong Kong,Cancelled,180,2.3,582.18,0,9.67,2026-05-08 08:00:00,2026-05-08 10:00:00
FL-0766,AirAsia,Davao,Tokyo,Delayed,190,5.63,181.86,0,10.27,2026-05-08 12:00:00,2026-05-08 14:00:00
FL-0767,Philippine Airlines,Davao,Seoul,Cancelled,208,2.3,249.71,0,5.76,2026-05-08 16:00:00,2026-05-08 18:00:00
FL-0768,PAL Express,Clark,Seoul,On Time,144,1.96,150.08,0,7.46,2026-05-08 20:00:00,2026-05-08 22:00:00
FL-0769,PAL Express,Clark,Singapore,Delayed,158,7.41,235.86,0,24.73,2026-05-09 00:00:00,2026-05-09 02:00:00
FL-0770,Philippine Airlines,Manila,Singapore,Delayed,101,2.74,507.98,0,11.3,2026-05-09 04:00:00,2026-05-09 06:00:00
FL-0771,Philippine Airlines,Manila,Singapore,On Time,178,6.84,289.16,0,7.31,2026-05-09 08:00:00,2026-05-09 10:00:00
FL-0772,Philippine Airlines,Iloilo,Seoul,Cancelled,87,5.04,144.2,15,7.14,2026-05-09 12:00:00,2026-05-09 14:00:00
FL-0773,Philippine Airlines,Clark,Tokyo,On Time,96,2.01,271.11,15,19.39,2026-05-09 16:00:00,2026-05-09 18:00:00
FL-0774,PAL Express,Cebu,Tokyo,On Time,96,7.71,590.69,0,22.09,2026-05-09 20:00:00,2026-05-09 22:00:00
FL-0775,Cebu Pacific,Davao,Singapore,On Time,169,3.11,414.84,0,10.14,2026-05-10 00:00:00,2026-05-10 02:00:00
FL-0776,Philippine Airlines,Manila,Hong Kong,On Time,160,7.09,308.08,0,5.42,2026-05-10 04:00:00,2026-05-10 06:00:00
FL-0777,Philippine Airlines,Davao,Tokyo,Delayed,157,2.6,183.27,15,9.46,2026-05-10 08:00:00,2026-05-10 10:00:00
FL-0778,PAL Express,Davao,Seoul,On Time,85,7.05,593.09,0,6.13,2026-05-10 12:00:00,2026-05-10 14:00:00
FL-0779,PAL Express,Iloilo,Bangkok,On Time,189,1.59,510.42,0,7.07,2026-05-10 16:00:00,2026-05-10 18:00:00
FL-0780,AirAsia,Clark,Bangkok,On Time,93,4.83,240.74,15,13.63,2026-05-10 20:00:00,2026-05-10 22:00:00
FL-0781,Philippine Airlines,Manila,Bangkok,Delayed,151,6.5,135.03,0,9.6,2026-05-11 00:00:00,2026-05-11 02:00:00
FL-0782,AirAsia,Davao,Hong Kong,On Time,133,7.58,128.31,0,15.32,2026-05-11 04:00:00,2026-05-11 06:00:00
FL-0783,PAL Express,Manila,Singapore,On Time,106,7.41,160.19,0,10.07,2026-05-11 08:00:00,2026-05-11 10:00:00
FL-0784,PAL Express,Cebu,Seoul,Cancelled,92,6.83,390.38,45,23.81,2026-05-11 12:00:00,2026-05-11 14:00:00
FL-0785,Cebu Pacific,Iloilo,Hong Kong,Delayed,139,7.27,564.38,30,23.12,2026-05-11 16:00:00,2026-05-11 18:00:00
FL-0786,Philippine Airlines,Cebu,Seoul,On Time,85,2.79,348.37,15,16.34,2026-05-11 20:00:00,2026-05-11 22:00:00
FL-0787,AirAsia,Manila,Seoul,Delayed,137,3.35,521.47,0,12.09,2026-05-12 00:00:00,2026-05-12 02:00:00
FL-0788,PAL Express,Manila,Singapore,Delayed,128,3.38,322.94,0,12.62,2026-05-12 04:00:00,2026-05-12 06:00:00
FL-0789,PAL Express,Clark,Bangkok,Delayed,105,3.95,454.29,60,13.24,2026-05-12 08:00:00,2026-05-12 10:00:00
FL-0790,AirAsia,Davao,Singapore,On Time,126,4.06,465.94,60,19.55,2026-05-12 12:00:00,2026-05-12 14:00:00
FL-0791,Cebu Pacific,Davao,Hong Kong,On Time,84,5.04,186.98,0,14.03,2026-05-12 16:00:00,2026-05-12 18:00:00
FL-0792,PAL Express,Cebu,Hong Kong,On Time,99,2.54,280.61,30,22.13,2026-05-12 20:00:00,2026-05-12 22:00:00
FL-0793,Philippine Airlines,Iloilo,Hong Kong,On Time,213,5.99,418.65,0,23.88,2026-05-13 00:00:00,2026-05-13 02:00:00
FL-0794,PAL Express,Davao,Singapore,On Time,138,2.59,135.35,0,11.72,2026-05-13 04:00:00,2026-05-13 06:00:00
FL-0795,Philippine Airlines,Clark,Seoul,On Time,211,3.52,280.77,0,16.21,2026-05-13 08:00:00,2026-05-13 10:00:00
FL-0796,AirAsia,Cebu,Seoul,On Time,96,4.77,367.4,0,6.9,2026-05-13 12:00:00,2026-05-13 14:00:00
FL-0797,Philippine Airlines,Cebu,Tokyo,On Time,93,6.68,598.11,45,9.01,2026-05-13 16:00:00,2026-05-13 18:00:00
FL-0798,AirAsia,Clark,Hong Kong,On Time,92,6.31,337.27,0,13.27,2026-05-13 20:00:00,2026-05-13 22:00:00
FL-0799,Philippine Airlines,Iloilo,Seoul,Delayed,214,5.7,508.03,0,9.12,2026-05-14 00:00:00,2026-05-14 02:00:00
FL-0800,AirAsia,Clark,Tokyo,On Time,207,2.51,316.03,45,22.53,2026-05-14 04:00:00,2026-05-14 06:00:00
FL-0801,Philippine Airlines,Iloilo,Seoul,On Time,123,5.06,498.2,45,8.17,2026-05-14 08:00:00,2026-05-14 10:00:00
FL-0802,Cebu Pacific,Clark,Hong Kong,Delayed,198,2.07,397.71,0,14.11,2026-05-14 12:00:00,2026-05-14 14:00:00
FL-0803,Philippine Airlines,Clark,Bangkok,On Time,98,3.95,543.3,0,17.11,2026-05-14 16:00:00,2026-05-14 18:00:00
FL-0804,Philippine Airlines,Manila,Hong Kong,Delayed,142,4.19,305.47,0,18.84,2026-05-14 20:00:00,2026-05-14 22:00:00
FL-0805,Cebu Pacific,Cebu,Singapore,Delayed,160,1.76,402.15,0,12.66,2026-05-15 00:00:00,2026-05-15 02:00:00
FL-0806,PAL Express,Clark,Seoul,On Time,179,3.28,415.01,60,22.38,2026-05-15 04:00:00,2026-05-15 06:00:00
FL-0807,PAL Express,Clark,Seoul,Delayed,201,7.71,308.69,45,16.37,2026-05-15 08:00:00,2026-05-15 10:00:00
FL-0808,Philippine Airlines,Davao,Singapore,On Time,123,7.7,172.16,0,13.79,2026-05-15 12:00:00,2026-05-15 14:00:00
FL-0809,Cebu Pacific,Cebu,Singapore,On Time,183,3.79,146.78,0,6.34,2026-05-15 16:00:00,2026-05-15 18:00:00
FL-0810,Philippine Airlines,Davao,Bangkok,On Time,140,1.78,108.34,0,14.29,2026-05-15 20:00:00,2026-05-15 22:00:00
FL-0811,AirAsia,Cebu,Seoul,On Time,204,2.66,536.77,45,21.41,2026-05-16 00:00:00,2026-05-16 02:00:00
FL-0812,AirAsia,Davao,Seoul,Cancelled,150,4.05,218.24,0,17.29,2026-05-16 04:00:00,2026-05-16 06:00:00
FL-0813,Philippine Airlines,Clark,Bangkok,On Time,186,7.66,205.75,0,21.64,2026-05-16 08:00:00,2026-05-16 10:00:00
FL-0814,PAL Express,Clark,Tokyo,On Time,129,2.42,468.02,0,14.88,2026-05-16 12:00:00,2026-05-16 14:00:00
FL-0815,PAL Express,Manila,Bangkok,On Time,144,6.46,260.01,0,7.37,2026-05-16 16:00:00,2026-05-16 18:00:00
FL-0816,Philippine Airlines,Davao,Hong Kong,On Time,178,2.21,353.02,0,5.27,2026-05-16 20:00:00,2026-05-16 22:00:00
FL-0817,Philippine Airlines,Iloilo,Seoul,On Time,111,7.88,181.26,0,11.06,2026-05-17 00:00:00,2026-05-17 02:00:00
FL-0818,AirAsia,Manila,Singapore,On Time,137,3.98,579.87,45,18.96,2026-05-17 04:00:00,2026-05-17 06:00:00
FL-0819,PAL Express,Davao,Hong Kong,Delayed,207,6.54,525.79,45,20.81,2026-05-17 08:00:00,2026-05-17 10:00:00
FL-0820,Philippine Airlines,Davao,Seoul,On Time,191,3.73,531.89,15,10.92,2026-05-17 12:00:00,2026-05-17 14:00:00
FL-0821,AirAsia,Manila,Bangkok,On Time,147,5.58,303.39,0,14.91,2026-05-17 16:00:00,2026-05-17 18:00:00
FL-0822,PAL Express,Clark,Hong Kong,On Time,119,2.75,481.18,0,13.42,2026-05-17 20:00:00,2026-05-17 22:00:00
FL-0823,Cebu Pacific,Davao,Seoul,On Time,211,2.45,171.94,0,13.21,2026-05-18 00:00:00,2026-05-18 02:00:00
FL-0824,AirAsia,Clark,Tokyo,Delayed,169,7.6,104.31,0,9.63,2026-05-18 04:00:00,2026-05-18 06:00:00
FL-0825,PAL Express,Manila,Tokyo,On Time,107,7.46,109.99,45,7.73,2026-05-18 08:00:00,2026-05-18 10:00:00
FL-0826,PAL Express,Clark,Singapore,On Time,175,7.27,393.3,0,8.93,2026-05-18 12:00:00,2026-05-18 14:00:00
FL-0827,AirAsia,Cebu,Seoul,On Time,110,5.57,327.7,0,6.11,2026-05-18 16:00:00,2026-05-18 18:00:00
FL-0828,Cebu Pacific,Iloilo,Tokyo,Delayed,82,6.75,359.01,45,8.96,2026-05-18 20:00:00,2026-05-18 22:00:00
FL-0829,AirAsia,Davao,Bangkok,On Time,215,1.95,103.73,60,5.18,2026-05-19 00:00:00,2026-05-19 02:00:00
FL-0830,PAL Express,Iloilo,Seoul,On Time,103,3.68,311.34,0,17.55,2026-05-19 04:00:00,2026-05-19 06:00:00
FL-0831,Philippine Airlines,Clark,Bangkok,Delayed,94,3.54,459.03,0,11.33,2026-05-19 08:00:00,2026-05-19 10:00:00
FL-0832,Philippine Airlines,Davao,Bangkok,On Time,124,5.63,321.35,0,24.46,2026-05-19 12:00:00,2026-05-19 14:00:00
FL-0833,AirAsia,Clark,Tokyo,Delayed,87,3.81,466.11,0,8.87,2026-05-19 16:00:00,2026-05-19 18:00:00
FL-0834,PAL Express,Cebu,Seoul,Delayed,150,2.47,216.51,0,11.92,2026-05-19 20:00:00,2026-05-19 22:00:00
FL-0835,Philippine Airlines,Manila,Hong Kong,On Time,187,5.38,506.57,0,12.16,2026-05-20 00:00:00,2026-05-20 02:00:00
FL-0836,PAL Express,Davao,Tokyo,On Time,194,6.79,394.22,60,5.17,2026-05-20 04:00:00,2026-05-20 06:00:00
FL-0837,AirAsia,Cebu,Tokyo,On Time,182,3.98,205.38,0,21.78,2026-05-20 08:00:00,2026-05-20 10:00:00
FL-0838,Philippine Airlines,Cebu,Seoul,On Time,204,2.36,218.36,0,5.64,2026-05-20 12:00:00,2026-05-20 14:00:00
FL-0839,PAL Express,Davao,Seoul,Cancelled,136,2.78,414.02,0,23.8,2026-05-20 16:00:00,2026-05-20 18:00:00
FL-0840,Philippine Airlines,Clark,Bangkok,On Time,109,3.04,514.97,0,22.84,2026-05-20 20:00:00,2026-05-20 22:00:00
FL-0841,AirAsia,Cebu,Seoul,On Time,193,3.45,307.81,30,15.71,2026-05-21 00:00:00,2026-05-21 02:00:00
FL-0842,PAL Express,Iloilo,Bangkok,Delayed,196,5.68,229.15,0,15.87,2026-05-21 04:00:00,2026-05-21 06:00:00
FL-0843,Philippine Airlines,Cebu,Tokyo,On Time,139,5.41,533.51,0,18.08,2026-05-21 08:00:00,2026-05-21 10:00:00
FL-0844,AirAsia,Clark,Singapore,On Time,177,6.02,434.63,0,12.74,2026-05-21 12:00:00,2026-05-21 14:00:00
FL-0845,Philippine Airlines,Clark,Hong Kong,On Time,205,3.86,324.04,15,17.94,2026-05-21 16:00:00,2026-05-21 18:00:00
FL-0846,Philippine Airlines,Iloilo,Tokyo,On Time,173,6.86,343.95,0,5.9,2026-05-21 20:00:00,2026-05-21 22:00:00
FL-0847,Cebu Pacific,Cebu,Seoul,Delayed,213,2.83,202.13,15,6.08,2026-05-22 00:00:00,2026-05-22 02:00:00
FL-0848,Cebu Pacific,Clark,Hong Kong,On Time,201,4.55,413.4,0,14.14,2026-05-22 04:00:00,2026-05-22 06:00:00
FL-0849,AirAsia,Davao,Singapore,On Time,187,6.71,279.37,0,15.99,2026-05-22 08:00:00,2026-05-22 10:00:00
FL-0850,Cebu Pacific,Manila,Singapore,On Time,83,2.67,597.82,0,22.76,2026-05-22 12:00:00,2026-05-22 14:00:00
FL-0851,AirAsia,Manila,Bangkok,On Time,172,2.21,340.09,60,7.09,2026-05-22 16:00:00,2026-05-22 18:00:00
FL-0852,Cebu Pacific,Manila,Hong Kong,On Time,85,7.24,342.94,45,21.45,2026-05-22 20:00:00,2026-05-22 22:00:00
FL-0853,Philippine Airlines,Cebu,Bangkok,On Time,111,3.73,382.93,0,9.2,2026-05-23 00:00:00,2026-05-23 02:00:00
FL-0854,AirAsia,Iloilo,Tokyo,On Time,185,5.95,558.38,0,12.88,2026-05-23 04:00:00,2026-05-23 06:00:00
FL-0855,AirAsia,Clark,Hong Kong,Cancelled,94,1.66,500.41,0,11.33,2026-05-23 08:00:00,2026-05-23 10:00:00
FL-0856,Philippine Airlines,Davao,Tokyo,On Time,201,5.99,325.57,0,13.0,2026-05-23 12:00:00,2026-05-23 14:00:00
FL-0857,AirAsia,Davao,Bangkok,On Time,175,3.55,459.35,0,8.01,2026-05-23 16:00:00,2026-05-23 18:00:00
FL-0858,AirAsia,Cebu,Hong Kong,On Time,85,1.86,393.12,45,15.07,2026-05-23 20:00:00,2026-05-23 22:00:00
FL-0859,Cebu Pacific,Manila,Bangkok,Delayed,191,5.46,346.18,45,21.03,2026-05-24 00:00:00,2026-05-24 02:00:00
FL-0860,AirAsia,Cebu,Hong Kong,Delayed,199,3.07,196.16,0,13.83,2026-05-24 04:00:00,2026-05-24 06:00:00
FL-0861,PAL Express,Iloilo,Bangkok,On Time,202,4.01,331.97,0,14.81,2026-05-24 08:00:00,2026-05-24 10:00:00
FL-0862,Philippine Airlines,Iloilo,Singapore,Cancelled,146,2.02,222.91,45,21.98,2026-05-24 12:00:00,2026-05-24 14:00:00
FL-0863,Cebu Pacific,Clark,Bangkok,On Time,185,2.46,557.42,30,19.12,2026-05-24 16:00:00,2026-05-24 18:00:00
FL-0864,Cebu Pacific,Clark,Singapore,On Time,218,3.44,267.7,0,14.81,2026-05-24 20:00:00,2026-05-24 22:00:00
FL-0865,PAL Express,Iloilo,Bangkok,On Time,122,2.08,576.13,0,10.15,2026-05-25 00:00:00,2026-05-25 02:00:00
FL-0866,Philippine Airlines,Iloilo,Hong Kong,On Time,175,7.42,366.53,0,22.7,2026-05-25 04:00:00,2026-05-25 06:00:00
FL-0867,Philippine Airlines,Iloilo,Hong Kong,Delayed,211,1.54,415.77,0,16.54,2026-05-25 08:00:00,2026-05-25 10:00:00
FL-0868,Cebu Pacific,Cebu,Hong Kong,On Time,160,4.65,371.47,0,9.42,2026-05-25 12:00:00,2026-05-25 14:00:00
FL-0869,AirAsia,Iloilo,Seoul,On Time,120,2.3,164.69,0,10.38,2026-05-25 16:00:00,2026-05-25 18:00:00
FL-0870,Cebu Pacific,Davao,Tokyo,Delayed,212,3.5,287.91,0,21.06,2026-05-25 20:00:00,2026-05-25 22:00:00
FL-0871,Philippine Airlines,Manila,Hong Kong,On Time,114,7.52,149.57,0,5.88,2026-05-26 00:00:00,2026-05-26 02:00:00
FL-0872,PAL Express,Iloilo,Singapore,On Time,101,2.55,411.48,0,24.84,2026-05-26 04:00:00,2026-05-26 06:00:00
FL-0873,Cebu Pacific,Manila,Hong Kong,On Time,191,7.78,323.44,0,7.61,2026-05-26 08:00:00,2026-05-26 10:00:00
FL-0874,Philippine Airlines,Cebu,Seoul,On Time,90,2.84,488.99,30,20.92,2026-05-26 12:00:00,2026-05-26 14:00:00
FL-0875,Cebu Pacific,Manila,Singapore,On Time,82,6.32,210.24,30,12.9,2026-05-26 16:00:00,2026-05-26 18:00:00
FL-0876,AirAsia,Cebu,Seoul,On Time,216,5.05,182.28,0,14.84,2026-05-26 20:00:00,2026-05-26 22:00:00
FL-0877,Cebu Pacific,Davao,Singapore,On Time,139,7.25,303.17,0,22.61,2026-05-27 00:00:00,2026-05-27 02:00:00
FL-0878,Cebu Pacific,Cebu,Bangkok,On Time,155,5.1,563.29,60,13.26,2026-05-27 04:00:00,2026-05-27 06:00:00
FL-0879,Philippine Airlines,Cebu,Tokyo,Delayed,166,4.97,455.21,0,15.75,2026-05-27 08:00:00,2026-05-27 10:00:00
FL-0880,Philippine Airlines,Clark,Tokyo,On Time,93,2.77,309.46,0,5.99,2026-05-27 12:00:00,2026-05-27 14:00:00
FL-0881,Philippine Airlines,Iloilo,Seoul,On Time,97,2.58,358.64,0,5.05,2026-05-27 16:00:00,2026-05-27 18:00:00
FL-0882,Cebu Pacific,Iloilo,Tokyo,On Time,192,7.46,142.11,0,9.9,2026-05-27 20:00:00,2026-05-27 22:00:00
FL-0883,AirAsia,Davao,Seoul,On Time,152,3.63,592.29,0,18.61,2026-05-28 00:00:00,2026-05-28 02:00:00
FL-0884,PAL Express,Davao,Seoul,On Time,102,3.92,433.2,45,7.43,2026-05-28 04:00:00,2026-05-28 06:00:00
FL-0885,PAL Express,Iloilo,Seoul,On Time,162,6.44,242.7,0,7.28,2026-05-28 08:00:00,2026-05-28 10:00:00
FL-0886,Philippine Airlines,Clark,Tokyo,On Time,204,3.7,392.9,0,13.22,2026-05-28 12:00:00,2026-05-28 14:00:00
FL-0887,Philippine Airlines,Iloilo,Seoul,Cancelled,148,7.69,154.74,45,17.96,2026-05-28 16:00:00,2026-05-28 18:00:00
FL-0888,Cebu Pacific,Clark,Tokyo,On Time,126,6.3,582.92,0,19.24,2026-05-28 20:00:00,2026-05-28 22:00:00
FL-0889,PAL Express,Davao,Seoul,Delayed,195,5.38,187.39,0,8.57,2026-05-29 00:00:00,2026-05-29 02:00:00
FL-0890,Philippine Airlines,Manila,Hong Kong,On Time,109,7.23,424.02,0,6.59,2026-05-29 04:00:00,2026-05-29 06:00:00
FL-0891,AirAsia,Davao,Seoul,Delayed,104,1.82,222.73,0,23.81,2026-05-29 08:00:00,2026-05-29 10:00:00
FL-0892,AirAsia,Davao,Singapore,On Time,191,3.17,458.78,0,10.21,2026-05-29 12:00:00,2026-05-29 14:00:00
FL-0893,Philippine Airlines,Cebu,Seoul,Delayed,104,4.52,488.41,0,22.07,2026-05-29 16:00:00,2026-05-29 18:00:00
FL-0894,Philippine Airlines,Cebu,Bangkok,On Time,153,2.98,436.71,0,22.27,2026-05-29 20:00:00,2026-05-29 22:00:00
FL-0895,PAL Express,Cebu,Seoul,On Time,137,6.34,407.25,0,20.45,2026-05-30 00:00:00,2026-05-30 02:00:00
FL-0896,PAL Express,Cebu,Singapore,On Time,173,7.47,546.23,0,8.38,2026-05-30 04:00:00,2026-05-30 06:00:00
FL-0897,Cebu Pacific,Clark,Singapore,Delayed,198,4.25,139.31,0,21.44,2026-05-30 08:00:00,2026-05-30 10:00:00
FL-0898,PAL Express,Iloilo,Tokyo,On Time,206,3.72,265.46,0,20.39,2026-05-30 12:00:00,2026-05-30 14:00:00
FL-0899,AirAsia,Manila,Hong Kong,On Time,104,7.75,224.14,0,16.93,2026-05-30 16:00:00,2026-05-30 18:00:00
FL-0900,AirAsia,Davao,Seoul,On Time,157,4.39,594.01,0,11.74,2026-05-30 20:00:00,2026-05-30 22:00:00
FL-0901,Philippine Airlines,Clark,Tokyo,On Time,178,4.68,294.69,60,10.25,2026-05-31 00:00:00,2026-05-31 02:00:00
FL-0902,PAL Express,Manila,Hong Kong,On Time,195,3.79,466.31,0,7.44,2026-05-31 04:00:00,2026-05-31 06:00:00
FL-0903,Cebu Pacific,Clark,Seoul,On Time,127,7.41,442.36,0,15.2,2026-05-31 08:00:00,2026-05-31 10:00:00
FL-0904,AirAsia,Clark,Bangkok,Cancelled,89,5.2,206.04,15,16.71,2026-05-31 12:00:00,2026-05-31 14:00:00
FL-0905,AirAsia,Davao,Seoul,Delayed,178,6.45,219.5,0,12.19,2026-05-31 16:00:00,2026-05-31 18:00:00
FL-0906,Cebu Pacific,Iloilo,Singapore,Cancelled,90,6.78,240.64,0,14.51,2026-05-31 20:00:00,2026-05-31 22:00:00
FL-0907,Cebu Pacific,Cebu,Singapore,On Time,164,3.72,305.56,30,12.27,2026-06-01 00:00:00,2026-06-01 02:00:00
FL-0908,AirAsia,Iloilo,Bangkok,Delayed,214,4.32,217.16,30,17.82,2026-06-01 04:00:00,2026-06-01 06:00:00
FL-0909,AirAsia,Davao,Tokyo,Delayed,205,7.02,109.83,0,23.03,2026-06-01 08:00:00,2026-06-01 10:00:00
FL-0910,Cebu Pacific,Davao,Hong Kong,On Time,143,3.86,539.7,0,8.28,2026-06-01 12:00:00,2026-06-01 14:00:00
FL-0911,AirAsia,Davao,Seoul,On Time,81,6.66,582.8,0,12.63,2026-06-01 16:00:00,2026-06-01 18:00:00
FL-0912,Philippine Airlines,Manila,Singapore,On Time,155,7.62,270.79,15,7.82,2026-06-01 20:00:00,2026-06-01 22:00:00
FL-0913,Philippine Airlines,Iloilo,Tokyo,Delayed,200,5.55,269.25,0,17.5,2026-06-02 00:00:00,2026-06-02 02:00:00
FL-0914,Cebu Pacific,Iloilo,Bangkok,On Time,121,6.32,103.55,0,19.58,2026-06-02 04:00:00,2026-06-02 06:00:00
FL-0915,PAL Express,Clark,Singapore,On Time,133,6.73,440.13,45,23.64,2026-06-02 08:00:00,2026-06-02 10:00:00
FL-0916,Cebu Pacific,Clark,Bangkok,On Time,154,6.99,512.72,0,10.58,2026-06-02 12:00:00,2026-06-02 14:00:00
FL-0917,Cebu Pacific,Clark,Seoul,Cancelled,95,4.07,173.3,15,24.0,2026-06-02 16:00:00,2026-06-02 18:00:00
FL-0918,PAL Express,Davao,Hong Kong,Delayed,97,1.83,179.83,0,6.27,2026-06-02 20:00:00,2026-06-02 22:00:00
FL-0919,PAL Express,Iloilo,Singapore,Cancelled,169,4.11,495.04,0,17.06,2026-06-03 00:00:00,2026-06-03 02:00:00
FL-0920,PAL Express,Davao,Singapore,On Time,85,5.88,408.15,0,6.14,2026-06-03 04:00:00,2026-06-03 06:00:00
FL-0921,Philippine Airlines,Manila,Seoul,On Time,187,4.43,122.43,30,22.88,2026-06-03 08:00:00,2026-06-03 10:00:00
FL-0922,AirAsia,Clark,Tokyo,On Time,127,6.37,411.27,0,15.6,2026-06-03 12:00:00,2026-06-03 14:00:00
FL-0923,Philippine Airlines,Davao,Hong Kong,On Time,121,3.82,254.46,0,18.39,2026-06-03 16:00:00,2026-06-03 18:00:00
FL-0924,AirAsia,Davao,Singapore,On Time,155,5.63,284.36,0,21.63,2026-06-03 20:00:00,2026-06-03 22:00:00
FL-0925,Philippine Airlines,Manila,Hong Kong,On Time,156,2.71,484.87,15,8.01,2026-06-04 00:00:00,2026-06-04 02:00:00
FL-0926,AirAsia,Cebu,Singapore,On Time,211,6.37,505.47,60,5.77,2026-06-04 04:00:00,2026-06-04 06:00:00
FL-0927,Philippine Airlines,Iloilo,Hong Kong,On Time,209,5.05,300.18,0,22.58,2026-06-04 08:00:00,2026-06-04 10:00:00
FL-0928,PAL Express,Cebu,Bangkok,Cancelled,138,2.83,573.58,0,11.3,2026-06-04 12:00:00,2026-06-04 14:00:00
FL-0929,Cebu Pacific,Clark,Singapore,On Time,106,3.4,303.23,60,7.58,2026-06-04 16:00:00,2026-06-04 18:00:00
FL-0930,Philippine Airlines,Davao,Hong Kong,Delayed,158,6.37,485.92,0,14.37,2026-06-04 20:00:00,2026-06-04 22:00:00
FL-0931,AirAsia,Manila,Tokyo,On Time,151,4.64,341.94,0,16.97,2026-06-05 00:00:00,2026-06-05 02:00:00
FL-0932,PAL Express,Manila,Bangkok,On Time,86,2.9,548.77,0,5.62,2026-06-05 04:00:00,2026-06-05 06:00:00
FL-0933,Philippine Airlines,Iloilo,Bangkok,On Time,190,7.79,553.88,30,10.5,2026-06-05 08:00:00,2026-06-05 10:00:00
FL-0934,Philippine Airlines,Cebu,Tokyo,On Time,198,6.15,143.71,0,5.66,2026-06-05 12:00:00,2026-06-05 14:00:00
FL-0935,PAL Express,Iloilo,Hong Kong,On Time,142,7.72,568.25,0,13.41,2026-06-05 16:00:00,2026-06-05 18:00:00
FL-0936,Philippine Airlines,Davao,Seoul,On Time,203,4.28,512.77,0,22.9,2026-06-05 20:00:00,2026-06-05 22:00:00
FL-0937,Cebu Pacific,Iloilo,Tokyo,On Time,91,4.59,495.66,0,24.65,2026-06-06 00:00:00,2026-06-06 02:00:00
FL-0938,Philippine Airlines,Manila,Hong Kong,On Time,122,7.34,200.46,0,17.74,2026-06-06 04:00:00,2026-06-06 06:00:00
FL-0939,Cebu Pacific,Manila,Tokyo,On Time,96,4.91,502.56,0,8.23,2026-06-06 08:00:00,2026-06-06 10:00:00
FL-0940,Cebu Pacific,Clark,Tokyo,Cancelled,142,6.1,525.07,0,23.12,2026-06-06 12:00:00,2026-06-06 14:00:00
FL-0941,PAL Express,Clark,Singapore,Delayed,199,3.14,244.58,0,15.32,2026-06-06 16:00:00,2026-06-06 18:00:00
FL-0942,Philippine Airlines,Davao,Hong Kong,Delayed,115,4.4,576.13,0,8.07,2026-06-06 20:00:00,2026-06-06 22:00:00
FL-0943,PAL Express,Cebu,Seoul,On Time,87,2.3,124.93,15,23.43,2026-06-07 00:00:00,2026-06-07 02:00:00
FL-0944,Philippine Airlines,Iloilo,Singapore,Delayed,148,2.84,174.95,30,20.15,2026-06-07 04:00:00,2026-06-07 06:00:00
FL-0945,Philippine Airlines,Davao,Tokyo,Delayed,169,1.51,368.79,15,19.63,2026-06-07 08:00:00,2026-06-07 10:00:00
FL-0946,AirAsia,Clark,Tokyo,On Time,115,1.76,387.9,0,19.18,2026-06-07 12:00:00,2026-06-07 14:00:00
FL-0947,Philippine Airlines,Iloilo,Tokyo,Cancelled,107,7.85,422.58,0,9.01,2026-06-07 16:00:00,2026-06-07 18:00:00
FL-0948,PAL Express,Clark,Hong Kong,On Time,197,3.08,108.48,0,9.22,2026-06-07 20:00:00,2026-06-07 22:00:00
FL-0949,Cebu Pacific,Iloilo,Hong Kong,Cancelled,172,5.81,580.18,45,18.77,2026-06-08 00:00:00,2026-06-08 02:00:00
FL-0950,Philippine Airlines,Cebu,Singapore,Cancelled,155,6.95,122.29,30,9.39,2026-06-08 04:00:00,2026-06-08 06:00:00
FL-0951,AirAsia,Davao,Seoul,On Time,180,5.08,171.53,30,13.77,2026-06-08 08:00:00,2026-06-08 10:00:00
FL-0952,PAL Express,Iloilo,Singapore,On Time,93,2.5,107.01,0,20.64,2026-06-08 12:00:00,2026-06-08 14:00:00
FL-0953,Philippine Airlines,Manila,Bangkok,Cancelled,150,6.23,383.43,0,20.68,2026-06-08 16:00:00,2026-06-08 18:00:00
FL-0954,PAL Express,Manila,Tokyo,On Time,203,5.4,566.13,0,14.07,2026-06-08 20:00:00,2026-06-08 22:00:00
FL-0955,AirAsia,Iloilo,Tokyo,On Time,204,6.25,432.97,0,20.84,2026-06-09 00:00:00,2026-06-09 02:00:00
FL-0956,AirAsia,Iloilo,Tokyo,Cancelled,116,6.5,511.33,0,21.77,2026-06-09 04:00:00,2026-06-09 06:00:00
FL-0957,PAL Express,Iloilo,Singapore,On Time,108,7.84,106.64,60,18.1,2026-06-09 08:00:00,2026-06-09 10:00:00
FL-0958,Philippine Airlines,Manila,Singapore,On Time,98,5.23,371.01,0,9.57,2026-06-09 12:00:00,2026-06-09 14:00:00
FL-0959,Cebu Pacific,Manila,Tokyo,On Time,185,3.72,329.78,0,10.48,2026-06-09 16:00:00,2026-06-09 18:00:00
FL-0960,AirAsia,Iloilo,Singapore,On Time,100,5.72,349.48,0,11.3,2026-06-09 20:00:00,2026-06-09 22:00:00
FL-0961,Philippine Airlines,Clark,Hong Kong,On Time,143,1.94,136.11,45,7.34,2026-06-10 00:00:00,2026-06-10 02:00:00
FL-0962,Philippine Airlines,Clark,Hong Kong,On Time,106,7.33,442.22,0,10.46,2026-06-10 04:00:00,2026-06-10 06:00:00
FL-0963,Cebu Pacific,Cebu,Singapore,On Time,134,2.28,351.61,0,9.19,2026-06-10 08:00:00,2026-06-10 10:00:00
FL-0964,AirAsia,Davao,Tokyo,On Time,108,3.63,482.57,45,14.11,2026-06-10 12:00:00,2026-06-10 14:00:00
FL-0965,AirAsia,Clark,Singapore,Delayed,104,6.8,342.65,0,23.17,2026-06-10 16:00:00,2026-06-10 18:00:00
FL-0966,Philippine Airlines,Manila,Singapore,On Time,149,5.38,174.69,0,7.09,2026-06-10 20:00:00,2026-06-10 22:00:00
FL-0967,Philippine Airlines,Clark,Singapore,On Time,142,4.06,424.13,0,19.41,2026-06-11 00:00:00,2026-06-11 02:00:00
FL-0968,Cebu Pacific,Cebu,Bangkok,On Time,209,4.58,186.19,0,18.75,2026-06-11 04:00:00,2026-06-11 06:00:00
FL-0969,Cebu Pacific,Cebu,Hong Kong,On Time,95,7.05,536.2,30,6.92,2026-06-11 08:00:00,2026-06-11 10:00:00
FL-0970,AirAsia,Davao,Seoul,On Time,179,3.71,406.56,15,23.45,2026-06-11 12:00:00,2026-06-11 14:00:00
FL-0971,PAL Express,Clark,Seoul,On Time,109,7.15,178.6,0,16.37,2026-06-11 16:00:00,2026-06-11 18:00:00
FL-0972,AirAsia,Manila,Bangkok,Cancelled,124,2.07,581.17,0,12.27,2026-06-11 20:00:00,2026-06-11 22:00:00
FL-0973,Philippine Airlines,Manila,Singapore,On Time,98,6.55,359.18,0,20.13,2026-06-12 00:00:00,2026-06-12 02:00:00
FL-0974,AirAsia,Iloilo,Bangkok,On Time,113,7.01,136.45,0,10.15,2026-06-12 04:00:00,2026-06-12 06:00:00
FL-0975,PAL Express,Manila,Bangkok,On Time,141,2.68,413.42,0,18.87,2026-06-12 08:00:00,2026-06-12 10:00:00
FL-0976,Cebu Pacific,Davao,Tokyo,On Time,197,4.3,226.6,0,5.79,2026-06-12 12:00:00,2026-06-12 14:00:00
FL-0977,PAL Express,Davao,Hong Kong,On Time,179,2.58,501.85,0,21.79,2026-06-12 16:00:00,2026-06-12 18:00:00
FL-0978,PAL Express,Manila,Seoul,On Time,101,6.09,508.91,30,13.96,2026-06-12 20:00:00,2026-06-12 22:00:00
FL-0979,PAL Express,Manila,Singapore,On Time,190,4.98,589.47,0,17.73,2026-06-13 00:00:00,2026-06-13 02:00:00
FL-0980,Cebu Pacific,Iloilo,Seoul,Delayed,152,5.63,350.93,0,9.42,2026-06-13 04:00:00,2026-06-13 06:00:00
FL-0981,PAL Express,Manila,Seoul,On Time,117,2.78,327.48,0,18.54,2026-06-13 08:00:00,2026-06-13 10:00:00
FL-0982,PAL Express,Iloilo,Hong Kong,On Time,149,2.88,476.74,30,20.44,2026-06-13 12:00:00,2026-06-13 14:00:00
FL-0983,PAL Express,Iloilo,Seoul,On Time,195,1.77,166.24,0,14.46,2026-06-13 16:00:00,2026-06-13 18:00:00
FL-0984,Philippine Airlines,Manila,Seoul,On Time,158,3.59,373.46,0,17.35,2026-06-13 20:00:00,2026-06-13 22:00:00
FL-0985,PAL Express,Cebu,Bangkok,On Time,88,5.14,373.12,0,14.13,2026-06-14 00:00:00,2026-06-14 02:00:00
FL-0986,Cebu Pacific,Cebu,Hong Kong,On Time,111,7.08,144.74,15,22.88,2026-06-14 04:00:00,2026-06-14 06:00:00
FL-0987,PAL Express,Iloilo,Tokyo,On Time,211,5.84,308.99,0,14.96,2026-06-14 08:00:00,2026-06-14 10:00:00
FL-0988,PAL Express,Manila,Singapore,On Time,129,4.33,526.64,30,21.84,2026-06-14 12:00:00,2026-06-14 14:00:00
FL-0989,Cebu Pacific,Cebu,Seoul,On Time,161,7.7,528.08,60,21.03,2026-06-14 16:00:00,2026-06-14 18:00:00
FL-0990,PAL Express,Manila,Singapore,On Time,84,6.18,149.62,15,13.21,2026-06-14 20:00:00,2026-06-14 22:00:00
FL-0991,Cebu Pacific,Manila,Tokyo,On Time,166,7.55,145.36,0,9.6,2026-06-15 00:00:00,2026-06-15 02:00:00
FL-0992,PAL Express,Manila,Singapore,On Time,205,4.93,231.35,0,13.12,2026-06-15 04:00:00,2026-06-15 06:00:00
FL-0993,Cebu Pacific,Clark,Tokyo,On Time,154,3.18,537.38,0,21.52,2026-06-15 08:00:00,2026-06-15 10:00:00
FL-0994,PAL Express,Manila,Bangkok,Cancelled,101,1.84,164.45,120,9.55,2026-06-15 12:00:00,2026-06-15 14:00:00
FL-0995,PAL Express,Clark,Seoul,On Time,147,6.22,460.0,0,15.49,2026-06-15 16:00:00,2026-06-15 18:00:00
FL-0996,Philippine Airlines,Iloilo,Tokyo,Delayed,123,2.29,150.58,0,21.12,2026-06-15 20:00:00,2026-06-15 22:00:00
FL-0997,Philippine Airlines,Cebu,Singapore,On Time,113,3.47,411.57,0,12.07,2026-06-16 00:00:00,2026-06-16 02:00:00
FL-0998,PAL Express,Cebu,Seoul,On Time,156,4.96,278.03,0,17.84,2026-06-16 04:00:00,2026-06-16 06:00:00
FL-0999,PAL Express,Cebu,Bangkok,On Time,121,5.17,494.46,0,9.91,2026-06-16 08:00:00,2026-06-16 10:00:00
FL-1000,AirAsia,Cebu,Seoul,On Time,216,5.4,216.85,0,7.19,2026-06-16 12:00:00,2026-06-16 14:00:00
